season,week,player_id,mfl_id,name,position,team,ff_pts,pass_comp,pass_att,pass_yds,pass_td,pass_int,sacked,rush_att,rush_yds,rush_td,rec,rec_yds,rec_td,fumbles_lost,xp,fg,pass_1d,rush_1d,rec_1d,ff_pts_ppr,ff_pts_half,fumbles_recovered,td,sacks,points_allowed
2020,5,wilsor1,10703,Russell Wilson,QB,SEA,26.045,25.856,36.686,326.606,2.391,0.293,2.260,6.625,31.751,0.210,0.000,0.000,0.000,0.216,0.000,0.000,15.447,2.067,0.000,26.045,26.04500,NA,NA,NA,NA
2020,5,mahomp1,13116,Patrick Mahomes,QB,KC,25.955,26.741,37.831,328.689,2.551,0.299,1.670,3.563,20.073,0.253,0.000,0.000,0.000,0.162,0.000,0.000,15.647,1.307,0.000,25.955,25.95500,NA,NA,NA,NA
2020,5,prescd1,12620,Dak Prescott,QB,DAL,25.415,28.864,41.958,335.692,2.388,0.662,2.030,5.035,23.218,0.304,0.000,0.000,0.000,0.193,0.000,0.000,16.200,1.511,0.000,25.415,25.41500,NA,NA,NA,NA
2020,5,jacksl1,13593,Lamar Jackson,QB,BAL,25.361,21.639,31.425,267.887,2.285,0.440,1.960,7.902,50.316,0.284,0.000,0.000,0.000,0.175,0.000,0.000,12.730,3.276,0.000,25.361,25.36100,NA,NA,NA,NA
2020,5,allenj3,13589,Josh Allen,QB,BUF,23.795,23.549,36.087,285.087,1.872,0.592,2.970,6.183,26.757,0.653,0.000,0.000,0.000,0.253,0.000,0.000,13.621,1.742,0.000,23.795,23.79500,NA,NA,NA,NA
2020,5,murrak1,14056,Kyler Murray,QB,ARI,23.712,22.888,33.959,234.317,1.913,0.823,2.910,9.992,58.312,0.493,0.000,0.000,0.000,0.228,0.000,0.000,11.695,3.796,0.000,23.712,23.71200,NA,NA,NA,NA
2020,5,watsod1,13113,Deshaun Watson,QB,HOU,23.185,24.244,36.720,299.677,2.174,0.885,2.600,4.404,21.598,0.422,0.000,0.000,0.000,0.210,0.000,0.000,14.246,1.406,0.000,23.185,23.18500,NA,NA,NA,NA
2020,5,ryanm1,9099,Matt Ryan,QB,ATL,19.817,25.804,38.873,297.603,2.047,0.731,2.040,1.784,8.552,0.125,0.000,0.000,0.000,0.209,0.000,0.000,14.392,0.557,0.000,19.817,19.81700,NA,NA,NA,NA
2020,5,bridgt1,11640,Teddy Bridgewater,QB,DEN,18.842,23.884,35.366,265.599,1.973,0.581,2.240,4.808,15.737,0.071,0.000,0.000,0.000,0.256,0.000,0.000,12.965,1.024,0.000,18.842,18.84200,NA,NA,NA,NA
2020,5,minshg1,14067,Gardner Minshew,QB,JAX,18.483,23.770,35.859,286.390,1.741,0.861,2.400,3.317,18.217,0.081,0.000,0.000,0.000,0.261,0.000,0.000,13.700,1.186,0.000,18.483,18.48300,NA,NA,NA,NA
2020,5,breesd1,4925,Drew Brees,QB,,18.289,24.023,34.664,284.141,2.012,0.408,1.634,0.210,0.573,0.000,0.000,0.000,0.000,0.183,0.000,0.000,13.654,0.037,0.000,18.289,18.28900,NA,NA,NA,NA
2020,5,roethb1,7401,Ben Roethlisberger,QB,PIT,17.218,22.914,34.320,258.348,1.784,0.402,1.990,1.345,4.100,0.087,0.000,0.000,0.000,0.190,0.000,0.000,12.566,0.267,0.000,17.218,17.21800,NA,NA,NA,NA
2020,5,jonesd4,14059,Daniel Jones,QB,NYG,17.113,22.644,36.781,242.660,1.490,1.126,2.680,3.642,24.567,0.295,0.000,0.000,0.000,0.264,0.000,0.000,11.962,1.599,0.000,17.113,17.11300,NA,NA,NA,NA
2020,5,cousik1,10700,Kirk Cousins,QB,MIN,17.068,21.953,32.744,278.429,1.903,1.017,2.610,1.960,6.149,0.045,0.000,0.000,0.000,0.266,0.000,0.000,13.155,0.400,0.000,17.068,17.06800,NA,NA,NA,NA
2020,5,burroj1,14777,Joe Burrow,QB,CIN,17.040,24.009,37.418,270.906,1.454,1.035,4.090,4.192,21.382,0.170,0.000,0.000,0.000,0.350,0.000,0.000,13.175,1.392,0.000,17.040,17.04000,NA,NA,NA,NA
2020,5,goffj1,12611,Jared Goff,QB,DET,16.961,22.526,32.717,257.118,1.842,0.715,2.250,1.630,5.022,0.097,0.000,0.000,0.000,0.173,0.000,0.000,12.467,0.327,0.000,16.961,16.96100,NA,NA,NA,NA
2020,5,bradyt1,5848,Tom Brady,QB,TB,16.608,23.700,36.247,268.729,1.721,0.565,1.890,0.555,1.510,0.061,0.000,0.000,0.000,0.206,0.000,0.000,13.052,0.098,0.000,16.608,16.60800,NA,NA,NA,NA
2020,5,herbej1,14779,Justin Herbert,QB,LAC,16.474,22.678,34.783,258.593,1.606,0.860,3.220,2.612,11.161,0.152,0.000,0.000,0.000,0.301,0.000,0.000,12.542,0.727,0.000,16.474,16.47400,NA,NA,NA,NA
2020,5,garopj1,11760,Jimmy Garoppolo,QB,SF,16.400,23.190,34.549,287.448,1.656,0.815,2.380,1.320,3.321,0.000,0.000,0.000,0.000,0.212,0.000,0.000,13.656,0.216,0.000,16.400,16.40000,NA,NA,NA,NA
2020,5,tanner1,10697,Ryan Tannehill,QB,TEN,16.332,22.854,34.577,250.870,1.387,0.719,3.020,3.810,14.690,0.195,0.000,0.000,0.000,0.226,0.000,0.000,12.288,0.956,0.000,16.332,16.33200,NA,NA,NA,NA
2020,5,fitzpr1,8062,Ryan Fitzpatrick,QB,WAS,16.324,22.494,34.334,247.806,1.496,1.112,3.350,4.598,20.859,0.185,0.000,0.000,0.000,0.272,0.000,0.000,12.126,1.358,0.000,16.324,16.32400,NA,NA,NA,NA
2020,5,carrd2,11644,Derek Carr,QB,LV,15.414,24.156,35.547,271.345,1.639,1.038,2.880,1.389,4.022,0.042,0.000,0.000,0.000,0.287,0.000,0.000,13.211,0.262,0.000,15.414,15.41400,NA,NA,NA,NA
2020,5,riverp1,7394,Philip Rivers,QB,,15.113,22.360,33.270,253.755,1.733,0.858,2.090,0.356,1.229,0.000,0.000,0.000,0.000,0.188,0.000,0.000,12.322,0.080,0.000,15.113,15.11300,NA,NA,NA,NA
2020,5,wentzc1,12610,Carson Wentz,QB,IND,14.458,21.590,35.224,234.827,1.255,0.845,3.750,3.925,14.471,0.150,0.000,0.000,0.000,0.306,0.000,0.000,11.530,0.942,0.000,14.458,14.45800,NA,NA,NA,NA
2020,5,mayfib1,13590,Baker Mayfield,QB,CLE,14.036,20.163,30.488,228.227,1.508,0.801,2.978,1.014,4.347,0.093,0.000,0.000,0.000,0.258,0.000,0.000,11.090,0.283,0.000,14.036,14.03600,NA,NA,NA,NA
2020,5,folesn1,10699,Nick Foles,QB,CHI,13.080,21.472,35.404,242.464,1.387,1.004,3.330,0.589,1.557,0.047,0.000,0.000,0.000,0.298,0.000,0.000,11.789,0.101,0.000,13.080,13.08000,NA,NA,NA,NA
2020,5,flaccj1,9064,Joe Flacco,QB,PHI,12.902,20.710,34.174,233.290,1.547,1.049,2.580,0.000,0.000,0.000,0.000,0.000,0.000,0.260,0.000,0.000,11.350,0.000,0.000,12.902,12.90200,NA,NA,NA,NA
2020,5,allenk2,13879,Kyle Allen,QB,WAS,12.875,21.034,34.755,232.040,1.223,1.109,3.160,2.798,10.973,0.064,0.000,0.000,0.000,0.281,0.000,0.000,11.351,0.714,0.000,12.875,12.87500,NA,NA,NA,NA
2020,5,hillt2,13424,Taysom Hill,QB,NO,1.866,0.173,0.229,2.870,0.020,0.004,0.017,2.094,9.747,0.121,0.000,0.000,0.000,0.011,0.000,0.000,0.128,0.635,0.000,1.866,1.86600,NA,NA,NA,NA
2020,5,kamara1,13132,Alvin Kamara,RB,NO,19.608,0.000,0.000,0.000,0.000,0.000,0.000,10.903,46.443,0.651,7.380,83.233,0.488,0.097,0.000,0.000,0.000,2.327,3.780,26.988,23.29800,NA,NA,NA,NA
2020,5,edwarc1,14803,Clyde Edwards-Helaire,RB,KC,17.658,0.000,0.000,0.000,0.000,0.000,0.000,21.219,86.565,0.758,4.011,34.512,0.204,0.111,0.000,0.000,0.000,4.337,1.578,21.669,19.66350,NA,NA,NA,NA
2020,5,ellioe1,12625,Ezekiel Elliott,RB,DAL,16.777,0.000,0.000,0.000,0.000,0.000,0.000,18.936,72.894,0.821,4.858,31.891,0.263,0.103,0.000,0.000,0.000,3.652,1.471,21.635,19.20600,NA,NA,NA,NA
2020,5,henryd1,12626,Derrick Henry,RB,TEN,16.345,0.000,0.000,0.000,0.000,0.000,0.000,22.114,100.994,0.886,1.714,10.035,0.042,0.163,0.000,0.000,0.000,5.060,0.465,18.059,17.20200,NA,NA,NA,NA
2020,5,carsoc1,13364,Chris Carson,RB,SEA,15.897,0.000,0.000,0.000,0.000,0.000,0.000,15.349,65.299,0.816,3.730,29.395,0.287,0.095,0.000,0.000,0.000,3.271,1.348,19.627,17.76200,NA,NA,NA,NA
2020,5,cookd1,13128,Dalvin Cook,RB,MIN,15.710,0.000,0.000,0.000,0.000,0.000,0.000,17.830,88.544,0.598,3.073,29.235,0.114,0.170,0.000,0.000,0.000,4.436,1.333,18.783,17.24650,NA,NA,NA,NA
2020,5,huntk1,13138,Kareem Hunt,RB,CLE,15.488,0.000,0.000,0.000,0.000,0.000,0.000,18.195,81.875,0.606,3.428,27.387,0.211,0.170,0.000,0.000,0.000,4.102,1.255,18.916,17.20200,NA,NA,NA,NA
2020,5,robinj4,14813,James Robinson,RB,JAX,15.115,0.000,0.000,0.000,0.000,0.000,0.000,19.623,79.699,0.745,3.090,25.775,0.070,0.161,0.000,0.000,0.000,3.993,1.180,18.205,16.66000,NA,NA,NA,NA
2020,5,jacobj1,14073,Josh Jacobs,RB,LV,14.801,0.000,0.000,0.000,0.000,0.000,0.000,17.635,74.692,0.699,3.865,27.135,0.131,0.181,0.000,0.000,0.000,3.742,1.249,18.666,16.73350,NA,NA,NA,NA
2020,5,tayloj2,14802,Jonathan Taylor,RB,IND,14.728,0.000,0.000,0.000,0.000,0.000,0.000,18.529,79.868,0.640,2.795,24.107,0.130,0.145,0.000,0.000,0.000,4.001,1.102,17.523,16.12550,NA,NA,NA,NA
2020,5,jonesr1,13606,Ronald Jones,RB,TB,14.451,0.000,0.000,0.000,0.000,0.000,0.000,19.158,76.509,0.728,3.081,21.498,0.086,0.117,0.000,0.000,0.000,3.833,0.990,17.532,15.99150,NA,NA,NA,NA
2020,5,connej2,13146,James Conner,RB,ARI,14.305,0.000,0.000,0.000,0.000,0.000,0.000,16.827,73.209,0.790,2.508,18.084,0.107,0.103,0.000,0.000,0.000,3.668,0.832,16.813,15.55900,NA,NA,NA,NA
2020,5,davism3,12164,Mike Davis,RB,ATL,13.818,0.000,0.000,0.000,0.000,0.000,0.000,11.714,53.505,0.554,5.016,38.512,0.256,0.122,0.000,0.000,0.000,2.681,1.767,18.834,16.32600,NA,NA,NA,NA
2020,5,gurlet2,12150,Todd Gurley,RB,,13.748,0.000,0.000,0.000,0.000,0.000,0.000,16.622,82.231,0.770,1.284,8.928,0.041,0.117,0.000,0.000,0.000,4.120,0.411,15.032,14.39000,NA,NA,NA,NA
2020,5,mixonj1,13131,Joe Mixon,RB,CIN,13.461,0.000,0.000,0.000,0.000,0.000,0.000,17.052,72.292,0.338,4.041,35.218,0.174,0.181,0.000,0.000,0.000,3.622,1.610,17.502,15.48150,NA,NA,NA,NA
2020,5,johnsd12,12171,David Johnson,RB,HOU,13.293,0.000,0.000,0.000,0.000,0.000,0.000,17.023,66.955,0.556,2.667,26.971,0.130,0.108,0.000,0.000,0.000,3.354,1.228,15.960,14.62650,NA,NA,NA,NA
2020,5,drakek1,12630,Kenyan Drake,RB,LV,12.466,0.000,0.000,0.000,0.000,0.000,0.000,15.635,64.560,0.645,2.518,16.402,0.115,0.095,0.000,0.000,0.000,3.234,0.757,14.984,13.72500,NA,NA,NA,NA
2020,5,moster1,12447,Raheem Mostert,RB,SF,12.382,0.000,0.000,0.000,0.000,0.000,0.000,14.620,72.397,0.541,1.623,17.247,0.058,0.088,0.000,0.000,0.000,3.627,0.784,14.005,13.19350,NA,NA,NA,NA
2020,5,sandem1,14079,Miles Sanders,RB,PHI,12.365,0.000,0.000,0.000,0.000,0.000,0.000,15.222,61.500,0.390,3.906,34.050,0.126,0.143,0.000,0.000,0.000,3.081,1.556,16.271,14.31800,NA,NA,NA,NA
2020,5,gibsoa1,14852,Antonio Gibson,RB,WAS,12.320,0.000,0.000,0.000,0.000,0.000,0.000,16.738,71.872,0.383,2.762,26.685,0.086,0.175,0.000,0.000,0.000,3.601,1.216,15.082,13.70100,NA,NA,NA,NA
2020,5,singld1,14080,Devin Singletary,RB,BUF,12.156,0.000,0.000,0.000,0.000,0.000,0.000,15.676,75.406,0.218,3.736,24.232,0.187,0.119,0.000,0.000,0.000,3.778,1.118,15.892,14.02400,NA,NA,NA,NA
2020,5,kellej2,14807,Joshua Kelley,RB,LAC,11.208,0.000,0.000,0.000,0.000,0.000,0.000,14.741,49.211,0.456,3.836,28.445,0.161,0.130,0.000,0.000,0.000,2.465,1.307,15.044,13.12600,NA,NA,NA,NA
2020,5,montgd1,14071,David Montgomery,RB,CHI,10.904,0.000,0.000,0.000,0.000,0.000,0.000,16.614,54.485,0.374,2.684,26.671,0.139,0.145,0.000,0.000,0.000,2.730,1.215,13.588,12.24600,NA,NA,NA,NA
2020,5,ingram1,10276,Mark Ingram,RB,HOU,9.757,0.000,0.000,0.000,0.000,0.000,0.000,10.721,50.316,0.624,1.098,8.037,0.046,0.049,0.000,0.000,0.000,2.521,0.369,10.855,10.30600,NA,NA,NA,NA
2020,5,belll1,11192,Le'Veon Bell,RB,,9.638,0.000,0.000,0.000,0.000,0.000,0.000,14.678,47.967,0.249,4.246,31.494,0.085,0.156,0.000,0.000,0.000,2.403,1.447,13.884,11.76100,NA,NA,NA,NA
2020,5,murral1,11390,Latavius Murray,RB,NO,9.370,0.000,0.000,0.000,0.000,0.000,0.000,13.833,54.471,0.380,1.694,14.351,0.061,0.079,0.000,0.000,0.000,2.729,0.656,11.064,10.21700,NA,NA,NA,NA
2020,5,gaskim1,14081,Myles Gaskin,RB,MIA,9.211,0.000,0.000,0.000,0.000,0.000,0.000,11.956,43.209,0.259,4.161,28.498,0.120,0.117,0.000,0.000,0.000,2.165,1.313,13.372,11.29150,NA,NA,NA,NA
2020,5,freemd1,11660,Devonta Freeman,RB,,8.737,0.000,0.000,0.000,0.000,0.000,0.000,10.540,39.520,0.313,3.849,26.693,0.075,0.106,0.000,0.000,0.000,1.980,1.229,12.586,10.66150,NA,NA,NA,NA
2020,5,mckinj1,11761,Jerick McKinnon,RB,KC,8.065,0.000,0.000,0.000,0.000,0.000,0.000,5.459,25.239,0.227,2.783,27.308,0.257,0.047,0.000,0.000,0.000,1.264,1.244,10.848,9.45650,NA,NA,NA,NA
2020,5,dobbij1,14800,J.K. Dobbins,RB,BAL,7.479,0.000,0.000,0.000,0.000,0.000,0.000,6.606,23.481,0.440,1.977,17.413,0.137,0.036,0.000,0.000,0.000,1.176,0.796,9.456,8.46750,NA,NA,NA,NA
2020,5,hended3,14087,Darrell Henderson,RB,LAR,7.260,0.000,0.000,0.000,0.000,0.000,0.000,10.175,43.938,0.308,0.784,10.285,0.018,0.059,0.000,0.000,0.000,2.201,0.466,8.044,7.65200,NA,NA,NA,NA
2020,5,jacksj2,13620,Justin Jackson,RB,LAC,6.615,0.000,0.000,0.000,0.000,0.000,0.000,7.425,38.049,0.152,2.144,15.516,0.080,0.067,0.000,0.000,0.000,1.906,0.713,8.759,7.68700,NA,NA,NA,NA
2020,5,hinesn1,13622,Nyheim Hines,RB,IND,6.613,0.000,0.000,0.000,0.000,0.000,0.000,5.658,23.346,0.135,4.248,26.644,0.156,0.066,0.000,0.000,0.000,1.170,1.231,10.861,8.73700,NA,NA,NA,NA
2020,5,johnsd16,14331,D'Ernest Johnson,RB,CLE,6.332,0.000,0.000,0.000,0.000,0.000,0.000,8.916,50.719,0.233,0.000,0.000,0.000,0.069,0.000,0.000,0.000,2.541,0.000,6.332,6.33200,NA,NA,NA,NA
2020,5,brownm4,12386,Malcolm Brown,RB,MIA,5.914,0.000,0.000,0.000,0.000,0.000,0.000,8.625,33.895,0.313,1.121,6.428,0.018,0.052,0.000,0.000,0.000,1.698,0.298,7.035,6.47450,NA,NA,NA,NA
2020,5,gallmw1,13135,Wayne Gallman,RB,SF,5.641,0.000,0.000,0.000,0.000,0.000,0.000,7.778,35.248,0.223,1.019,7.280,0.030,0.065,0.000,0.000,0.000,1.766,0.335,6.660,6.15050,NA,NA,NA,NA
2020,5,hillb2,13240,Brian Hill,RB,TEN,5.211,0.000,0.000,0.000,0.000,0.000,0.000,6.249,33.550,0.067,1.797,11.904,0.061,0.051,0.000,0.000,0.000,1.681,0.549,7.008,6.10950,NA,NA,NA,NA
2020,5,edmonc1,13726,Chase Edmonds,RB,ARI,5.198,0.000,0.000,0.000,0.000,0.000,0.000,3.108,14.578,0.035,2.975,18.745,0.287,0.033,0.000,0.000,0.000,0.730,0.866,8.173,6.68550,NA,NA,NA,NA
2020,5,vaughk1,14810,Ke'Shawn Vaughn,RB,TB,4.996,0.000,0.000,0.000,0.000,0.000,0.000,5.327,18.121,0.070,2.963,22.842,0.095,0.045,0.000,0.000,0.000,0.908,1.048,7.959,6.47750,NA,NA,NA,NA
2020,5,breidm1,13378,Matt Breida,RB,BUF,4.602,0.000,0.000,0.000,0.000,0.000,0.000,5.555,25.329,0.222,1.125,7.434,0.015,0.048,0.000,0.000,0.000,1.269,0.343,5.727,5.16450,NA,NA,NA,NA
2020,5,goref1,7877,Frank Gore,RB,NYJ,4.577,0.000,0.000,0.000,0.000,0.000,0.000,8.734,30.600,0.224,0.414,2.333,0.015,0.075,0.000,0.000,0.000,1.533,0.108,4.991,4.78400,NA,NA,NA,NA
2020,5,edwarg1,13850,Gus Edwards,RB,BAL,4.551,0.000,0.000,0.000,0.000,0.000,0.000,8.181,41.930,0.071,0.000,0.000,0.000,0.034,0.000,0.000,0.000,2.101,0.000,4.551,4.55100,NA,NA,NA,NA
2020,5,mattia1,14223,Alexander Mattison,RB,MIN,4.233,0.000,0.000,0.000,0.000,0.000,0.000,4.476,22.136,0.105,1.207,12.529,0.038,0.046,0.000,0.000,0.000,1.109,0.570,5.440,4.83650,NA,NA,NA,NA
2020,5,akersc1,14799,Cam Akers,RB,LAR,4.042,0.000,0.000,0.000,0.000,0.000,0.000,5.869,22.597,0.205,0.672,5.142,0.018,0.035,0.000,0.000,0.000,1.132,0.236,4.714,4.37800,NA,NA,NA,NA
2020,5,johnsd11,12157,Duke Johnson,RB,,4.037,0.000,0.000,0.000,0.000,0.000,0.000,4.098,19.439,0.051,1.818,11.987,0.109,0.033,0.000,0.000,0.000,0.974,0.553,5.855,4.94600,NA,NA,NA,NA
2020,5,homert1,14083,Travis Homer,RB,SEA,3.805,0.000,0.000,0.000,0.000,0.000,0.000,2.907,14.378,0.140,1.801,11.431,0.072,0.024,0.000,0.000,0.000,0.720,0.528,5.606,4.70550,NA,NA,NA,NA
2020,5,booked1,12629,Devontae Booker,RB,NYG,3.780,0.000,0.000,0.000,0.000,0.000,0.000,2.262,14.938,0.055,1.691,16.281,0.066,0.034,0.000,0.000,0.000,0.748,0.742,5.471,4.62550,NA,NA,NA,NA
2020,5,mckisj1,13108,J.D. McKissic,RB,WAS,3.708,0.000,0.000,0.000,0.000,0.000,0.000,2.243,12.619,0.032,2.656,19.723,0.061,0.042,0.000,0.000,0.000,0.632,0.906,6.364,5.03600,NA,NA,NA,NA
2020,5,scottb2,13814,Boston Scott,RB,PHI,2.924,0.000,0.000,0.000,0.000,0.000,0.000,3.557,11.757,0.060,1.953,11.741,0.050,0.043,0.000,0.000,0.000,0.589,0.544,4.877,3.90050,NA,NA,NA,NA
2020,5,richaj1,12912,Jalen Richard,RB,LV,2.870,0.000,0.000,0.000,0.000,0.000,0.000,2.686,11.491,0.046,1.449,12.211,0.049,0.035,0.000,0.000,0.000,0.576,0.559,4.319,3.59450,NA,NA,NA,NA
2020,5,wilkij2,13789,Jordan Wilkins,RB,IND,2.859,0.000,0.000,0.000,0.000,0.000,0.000,3.151,18.431,0.126,0.335,2.538,0.009,0.024,0.000,0.000,0.000,0.923,0.117,3.194,3.02650,NA,NA,NA,NA
2020,5,willid13,13623,Darrel Williams,RB,KC,2.676,0.000,0.000,0.000,0.000,0.000,0.000,2.044,7.527,0.189,0.802,6.574,0.026,0.012,0.000,0.000,0.000,0.377,0.301,3.478,3.07700,NA,NA,NA,NA
2020,5,lewisd1,10389,Dion Lewis,RB,NYG,2.314,0.000,0.000,0.000,0.000,0.000,0.000,1.947,7.477,0.063,1.585,9.706,0.045,0.026,0.000,0.000,0.000,0.375,0.449,3.899,3.10650,NA,NA,NA,NA
2020,5,snellb1,14072,Benny Snell Jr.,RB,PIT,2.287,0.000,0.000,0.000,0.000,0.000,0.000,4.915,19.913,0.058,0.000,0.000,0.000,0.026,0.000,0.000,0.000,0.998,0.000,2.287,2.28700,NA,NA,NA,NA
2020,5,mossz1,14798,Zack Moss,RB,BUF,2.186,0.000,0.000,0.000,0.000,0.000,0.000,4.966,18.243,0.000,0.453,4.276,0.000,0.033,0.000,0.000,0.000,0.914,0.195,2.639,2.41250,NA,NA,NA,NA
2020,5,thompc1,11186,Chris Thompson,RB,JAX,2.173,0.000,0.000,0.000,0.000,0.000,0.000,0.000,0.000,0.027,2.258,15.751,0.078,0.016,0.000,0.000,0.000,0.000,0.725,4.431,3.30200,NA,NA,NA,NA
2020,5,juszck1,11367,Kyle Juszczyk,RB,SF,2.113,0.000,0.000,0.000,0.000,0.000,0.000,0.570,1.993,0.000,1.160,14.372,0.083,0.011,0.000,0.000,0.000,0.100,0.651,3.273,2.69300,NA,NA,NA,NA
2020,5,dallad1,14815,DeeJay Dallas,RB,SEA,2.027,0.000,0.000,0.000,0.000,0.000,0.000,2.694,9.585,0.000,0.900,8.165,0.048,0.018,0.000,0.000,0.000,0.480,0.373,2.927,2.47700,NA,NA,NA,NA
2020,5,mcfara1,14804,Anthony McFarland,RB,PIT,2.008,0.000,0.000,0.000,0.000,0.000,0.000,4.610,17.570,0.029,0.228,1.292,0.000,0.026,0.000,0.000,0.000,0.880,0.060,2.236,2.12200,NA,NA,NA,NA
2020,5,cannot1,13816,Trenton Cannon,RB,CAR,1.890,0.000,0.000,0.000,0.000,0.000,0.000,3.846,12.589,0.008,0.717,5.312,0.020,0.034,0.000,0.000,0.000,0.631,0.244,2.607,2.24850,NA,NA,NA,NA
2020,5,smithi1,13768,Ito Smith,RB,,1.848,0.000,0.000,0.000,0.000,0.000,0.000,1.030,5.263,0.000,1.155,10.416,0.051,0.013,0.000,0.000,0.000,0.264,0.476,3.003,2.42550,NA,NA,NA,NA
2020,5,pollat1,14085,Tony Pollard,RB,DAL,1.653,0.000,0.000,0.000,0.000,0.000,0.000,1.896,8.639,0.000,1.000,6.714,0.024,0.013,0.000,0.000,0.000,0.433,0.310,2.653,2.15300,NA,NA,NA,NA
2020,5,wilsoj2,14017,Jeff Wilson,RB,SF,1.551,0.000,0.000,0.000,0.000,0.000,0.000,1.706,4.649,0.184,0.000,0.000,0.000,0.009,0.000,0.000,0.000,0.233,0.000,1.551,1.55100,NA,NA,NA,NA
2020,5,evansd2,14808,Darrynton Evans,RB,TEN,1.550,0.000,0.000,0.000,0.000,0.000,0.000,1.897,6.733,0.000,1.257,7.526,0.028,0.022,0.000,0.000,0.000,0.337,0.348,2.807,2.17850,NA,NA,NA,NA
2020,5,armaha1,13326,Alexander Armah,RB,NO,1.475,0.000,0.000,0.000,0.000,0.000,0.000,3.205,10.491,0.079,0.000,0.000,0.000,0.024,0.000,0.000,0.000,0.526,0.000,1.475,1.47500,NA,NA,NA,NA
2020,5,bernag1,11193,Giovani Bernard,RB,TB,1.464,0.000,0.000,0.000,0.000,0.000,0.000,1.235,4.582,0.016,0.951,9.482,0.000,0.019,0.000,0.000,0.000,0.230,0.432,2.415,1.93950,NA,NA,NA,NA
2020,5,barbep1,12637,Peyton Barber,RB,WAS,1.375,0.000,0.000,0.000,0.000,0.000,0.000,1.278,4.389,0.160,0.000,0.000,0.000,0.012,0.000,0.000,0.000,0.220,0.000,1.375,1.37500,NA,NA,NA,NA
2020,5,hillid1,13871,Dontrell Hilliard,RB,HOU,1.195,0.000,0.000,0.000,0.000,0.000,0.000,0.992,3.623,0.000,1.008,6.847,0.030,0.016,0.000,0.000,0.000,0.182,0.315,2.203,1.69900,NA,NA,NA,NA
2020,5,ingola1,14420,Alec Ingold,RB,LV,1.005,0.000,0.000,0.000,0.000,0.000,0.000,0.397,1.149,0.000,0.725,8.140,0.016,0.010,0.000,0.000,0.000,0.058,0.370,1.730,1.36750,NA,NA,NA,NA
2020,5,riddit1,11188,Theo Riddick,RB,LV,0.840,0.000,0.000,0.000,0.000,0.000,0.000,1.374,8.618,0.000,0.000,0.000,0.000,0.011,0.000,0.000,0.000,0.432,0.000,0.840,0.84000,NA,NA,NA,NA
2020,5,nallr1,13849,Ryan Nall,RB,CHI,0.597,0.000,0.000,0.000,0.000,0.000,0.000,1.768,6.227,0.000,0.000,0.000,0.000,0.013,0.000,0.000,0.000,0.312,0.000,0.597,0.59700,NA,NA,NA,NA
2020,5,perinl1,14806,La'Mical Perine,RB,NYJ,0.546,0.000,0.000,0.000,0.000,0.000,0.000,1.099,4.135,0.025,0.000,0.000,0.000,0.009,0.000,0.000,0.000,0.207,0.000,0.546,0.54600,NA,NA,NA,NA
2020,5,mcnicj1,13143,Jeremy McNichols,RB,TEN,0.490,0.000,0.000,0.000,0.000,0.000,0.000,0.000,0.000,0.000,0.800,5.017,0.000,0.006,0.000,0.000,0.000,0.000,0.232,1.290,0.89000,NA,NA,NA,NA
2020,5,ricarp1,13455,Patrick Ricard,RB,BAL,0.400,0.000,0.000,0.000,0.000,0.000,0.000,0.000,0.000,0.000,0.659,2.679,0.023,0.003,0.000,0.000,0.000,0.000,0.126,1.059,0.72950,NA,NA,NA,NA
2020,5,hamc1,12923,C.J. Ham,RB,MIN,0.387,0.000,0.000,0.000,0.000,0.000,0.000,0.392,1.230,0.000,0.439,2.784,0.000,0.007,0.000,0.000,0.000,0.062,0.129,0.826,0.60650,NA,NA,NA,NA
2020,5,fournl1,13129,Leonard Fournette,RB,TB,0.303,0.000,0.000,0.000,0.000,0.000,0.000,0.503,2.013,0.018,0.000,0.000,0.000,0.003,0.000,0.000,0.000,0.101,0.000,0.303,0.30300,NA,NA,NA,NA
2020,5,naberg1,15096,Gabe Nabers,RB,LAC,0.292,0.000,0.000,0.000,0.000,0.000,0.000,0.912,3.044,0.000,0.000,0.000,0.000,0.006,0.000,0.000,0.000,0.153,0.000,0.292,0.29200,NA,NA,NA,NA
2020,5,clemec1,13136,Corey Clement,RB,PHI,0.255,0.000,0.000,0.000,0.000,0.000,0.000,1.053,2.713,0.000,0.000,0.000,0.000,0.008,0.000,0.000,0.000,0.136,0.000,0.255,0.25500,NA,NA,NA,NA
2020,5,samuej1,13613,Jaylen Samuels,RB,PIT,0.252,0.000,0.000,0.000,0.000,0.000,0.000,0.000,0.000,0.000,0.456,2.583,0.000,0.003,0.000,0.000,0.000,0.000,0.120,0.708,0.48000,NA,NA,NA,NA
2020,5,boonem1,13868,Mike Boone,RB,DEN,0.240,0.000,0.000,0.000,0.000,0.000,0.000,0.411,2.460,0.000,0.000,0.000,0.000,0.003,0.000,0.000,0.000,0.123,0.000,0.240,0.24000,NA,NA,NA,NA
2020,5,janova1,12806,Andy Janovich,RB,CLE,0.222,0.000,0.000,0.000,0.000,0.000,0.000,0.000,0.000,0.000,0.403,2.282,0.000,0.003,0.000,0.000,0.000,0.000,0.106,0.625,0.42350,NA,NA,NA,NA
2020,5,kittlg1,13299,George Kittle,TE,SF,12.293,0.000,0.000,0.000,0.000,0.000,0.000,0.000,0.000,0.000,6.957,90.546,0.555,0.046,0.000,0.000,0.000,0.000,4.584,19.250,15.77150,NA,NA,NA,NA
2020,5,kelcet1,11244,Travis Kelce,TE,KC,12.074,0.000,0.000,0.000,0.000,0.000,0.000,0.000,0.000,0.000,6.819,83.816,0.625,0.029,0.000,0.000,0.000,0.000,4.311,18.893,15.48350,NA,NA,NA,NA
2020,5,andrem1,13671,Mark Andrews,TE,BAL,10.050,0.000,0.000,0.000,0.000,0.000,0.000,0.000,0.000,0.000,3.844,56.256,0.743,0.017,0.000,0.000,0.000,0.000,2.762,13.894,11.97200,NA,NA,NA,NA
2020,5,walled1,12263,Darren Waller,TE,LV,8.634,0.000,0.000,0.000,0.000,0.000,0.000,0.000,0.000,0.000,6.522,67.836,0.328,0.059,0.000,0.000,0.000,0.000,3.668,15.156,11.89500,NA,NA,NA,NA
2020,5,smithj6,13193,Jonnu Smith,TE,NE,8.245,0.000,0.000,0.000,0.000,0.000,0.000,0.000,0.000,0.000,4.228,56.446,0.444,0.032,0.000,0.000,0.000,0.000,2.838,12.473,10.35900,NA,NA,NA,NA
2020,5,henryh1,12676,Hunter Henry,TE,NE,7.902,0.000,0.000,0.000,0.000,0.000,0.000,0.000,0.000,0.000,4.400,55.597,0.402,0.035,0.000,0.000,0.000,0.000,2.837,12.302,10.10200,NA,NA,NA,NA
2020,5,ertzz1,11247,Zach Ertz,TE,PHI,7.618,0.000,0.000,0.000,0.000,0.000,0.000,0.000,0.000,0.000,4.774,55.184,0.364,0.042,0.000,0.000,0.000,0.000,2.889,12.392,10.00500,NA,NA,NA,NA
2020,5,schuld1,13772,Dalton Schultz,TE,DAL,7.050,0.000,0.000,0.000,0.000,0.000,0.000,0.000,0.000,0.000,3.715,43.640,0.454,0.019,0.000,0.000,0.000,0.000,2.274,10.765,8.90750,NA,NA,NA,NA
2020,5,higbet1,12678,Tyler Higbee,TE,LAR,6.861,0.000,0.000,0.000,0.000,0.000,0.000,0.000,0.000,0.000,3.362,34.711,0.571,0.018,0.000,0.000,0.000,0.000,1.881,10.223,8.54200,NA,NA,NA,NA
2020,5,engrae1,13189,Evan Engram,TE,NYG,6.339,0.000,0.000,0.000,0.000,0.000,0.000,0.000,0.000,0.000,4.868,44.892,0.320,0.035,0.000,0.000,0.000,0.000,2.526,11.207,8.77300,NA,NA,NA,NA
2020,5,hursth1,13680,Hayden Hurst,TE,ATL,6.178,0.000,0.000,0.000,0.000,0.000,0.000,0.000,0.000,0.000,4.108,40.176,0.368,0.024,0.000,0.000,0.000,0.000,2.216,10.286,8.23200,NA,NA,NA,NA
2020,5,ebrone1,11695,Eric Ebron,TE,PIT,6.095,0.000,0.000,0.000,0.000,0.000,0.000,0.000,0.000,0.000,3.534,42.627,0.312,0.020,0.000,0.000,0.000,0.000,2.204,9.629,7.86200,NA,NA,NA,NA
2020,5,gesicm1,13672,Mike Gesicki,TE,MIA,6.007,0.000,0.000,0.000,0.000,0.000,0.000,0.000,0.000,0.000,3.037,42.127,0.307,0.024,0.000,0.000,0.000,0.000,2.097,9.044,7.52550,NA,NA,NA,NA
2020,5,fellsd2,11337,Darren Fells,TE,DET,5.335,0.000,0.000,0.000,0.000,0.000,0.000,0.000,0.000,0.000,2.788,31.466,0.370,0.016,0.000,0.000,0.000,0.000,1.659,8.123,6.72900,NA,NA,NA,NA
2020,5,thomal2,11647,Logan Thomas,TE,WAS,5.263,0.000,0.000,0.000,0.000,0.000,0.000,0.000,0.000,0.000,3.293,34.806,0.306,0.027,0.000,0.000,0.000,0.000,1.872,8.556,6.90950,NA,NA,NA,NA
2020,5,gronkr1,9902,Rob Gronkowski,TE,TB,5.188,0.000,0.000,0.000,0.000,0.000,0.000,0.000,0.000,0.000,3.555,36.278,0.267,0.021,0.000,0.000,0.000,0.000,1.974,8.743,6.96550,NA,NA,NA,NA
2020,5,grahaj1,9925,Jimmy Graham,TE,CHI,5.081,0.000,0.000,0.000,0.000,0.000,0.000,0.000,0.000,0.000,3.436,33.945,0.291,0.030,0.000,0.000,0.000,0.000,1.866,8.517,6.79900,NA,NA,NA,NA
2020,5,cookj2,9474,Jared Cook,TE,LAC,4.915,0.000,0.000,0.000,0.000,0.000,0.000,0.000,0.000,0.000,2.662,33.006,0.274,0.015,0.000,0.000,0.000,0.000,1.693,7.577,6.24600,NA,NA,NA,NA
2020,5,hoopea1,12677,Austin Hooper,TE,CLE,4.835,0.000,0.000,0.000,0.000,0.000,0.000,0.000,0.000,0.000,3.428,33.093,0.264,0.029,0.000,0.000,0.000,0.000,1.833,8.263,6.54900,NA,NA,NA,NA
2020,5,olseng1,8687,Greg Olsen,TE,,4.320,0.000,0.000,0.000,0.000,0.000,0.000,0.000,0.000,0.000,3.087,27.762,0.263,0.017,0.000,0.000,0.000,0.000,1.576,7.407,5.86350,NA,NA,NA,NA
2020,5,eifert1,11250,Tyler Eifert,TE,,4.296,0.000,0.000,0.000,0.000,0.000,0.000,0.000,0.000,0.000,2.377,28.639,0.244,0.016,0.000,0.000,0.000,0.000,1.481,6.673,5.48450,NA,NA,NA,NA
2020,5,sampld1,14146,Drew Sample,TE,CIN,4.240,0.000,0.000,0.000,0.000,0.000,0.000,0.000,0.000,0.000,2.853,29.800,0.218,0.024,0.000,0.000,0.000,0.000,1.609,7.093,5.66650,NA,NA,NA,NA
2020,5,rudolk1,10312,Kyle Rudolph,TE,NYG,4.184,0.000,0.000,0.000,0.000,0.000,0.000,0.000,0.000,0.000,1.976,25.059,0.285,0.016,0.000,0.000,0.000,0.000,1.278,6.160,5.17200,NA,NA,NA,NA
2020,5,aliecm1,13246,Mo Alie-Cox,TE,IND,4.172,0.000,0.000,0.000,0.000,0.000,0.000,0.000,0.000,0.000,2.236,25.376,0.277,0.014,0.000,0.000,0.000,0.000,1.336,6.408,5.29000,NA,NA,NA,NA
2020,5,bratec1,12110,Cameron Brate,TE,TB,3.919,0.000,0.000,0.000,0.000,0.000,0.000,0.000,0.000,0.000,2.252,25.529,0.232,0.013,0.000,0.000,0.000,0.000,1.344,6.171,5.04500,NA,NA,NA,NA
2020,5,herndc1,13679,Chris Herndon,TE,NYJ,3.912,0.000,0.000,0.000,0.000,0.000,0.000,0.000,0.000,0.000,2.692,25.662,0.232,0.023,0.000,0.000,0.000,0.000,1.428,6.604,5.25800,NA,NA,NA,NA
2020,5,thomai1,13678,Ian Thomas,TE,CAR,3.888,0.000,0.000,0.000,0.000,0.000,0.000,0.000,0.000,0.000,2.627,23.904,0.256,0.019,0.000,0.000,0.000,0.000,1.351,6.515,5.20150,NA,NA,NA,NA
2020,5,rodger1,11785,Richard Rodgers,TE,,3.678,0.000,0.000,0.000,0.000,0.000,0.000,0.000,0.000,0.000,2.604,28.179,0.151,0.023,0.000,0.000,0.000,0.000,1.505,6.282,4.98000,NA,NA,NA,NA
2020,5,arnold1,13880,Dan Arnold,TE,CAR,3.586,0.000,0.000,0.000,0.000,0.000,0.000,0.000,0.000,0.000,2.060,25.775,0.172,0.012,0.000,0.000,0.000,0.000,1.319,5.646,4.61600,NA,NA,NA,NA
2020,5,doylej1,11516,Jack Doyle,TE,IND,2.982,0.000,0.000,0.000,0.000,0.000,0.000,0.000,0.000,0.000,2.236,22.838,0.121,0.014,0.000,0.000,0.000,0.000,1.242,5.218,4.10000,NA,NA,NA,NA
2020,5,smithi2,14141,Irv Smith Jr.,TE,MIN,2.907,0.000,0.000,0.000,0.000,0.000,0.000,0.000,0.000,0.000,1.098,16.706,0.209,0.009,0.000,0.000,0.000,0.000,0.813,4.005,3.45600,NA,NA,NA,NA
2020,5,moreaf1,14239,Foster Moreau,TE,LV,2.721,0.000,0.000,0.000,0.000,0.000,0.000,0.000,0.000,0.000,0.604,13.567,0.229,0.005,0.000,0.000,0.000,0.000,0.608,3.325,3.02300,NA,NA,NA,NA
2020,5,knoxd1,14143,Dawson Knox,TE,BUF,2.544,0.000,0.000,0.000,0.000,0.000,0.000,0.000,0.000,0.000,1.245,19.956,0.094,0.008,0.000,0.000,0.000,0.000,0.959,3.789,3.16650,NA,NA,NA,NA
2020,5,boylen1,12328,Nick Boyle,TE,BAL,2.434,0.000,0.000,0.000,0.000,0.000,0.000,0.000,0.000,0.000,1.428,10.715,0.229,0.006,0.000,0.000,0.000,0.000,0.650,3.862,3.14800,NA,NA,NA,NA
2020,5,burtot1,11705,Trey Burton,TE,,2.403,0.000,0.000,0.000,0.000,0.000,0.000,0.000,0.000,0.000,1.677,19.032,0.087,0.011,0.000,0.000,0.000,0.000,1.002,4.080,3.24150,NA,NA,NA,NA
2020,5,firksa1,13919,Anthony Firkser,TE,TEN,2.390,0.000,0.000,0.000,0.000,0.000,0.000,0.000,0.000,0.000,2.171,17.561,0.111,0.016,0.000,0.000,0.000,0.000,1.036,4.561,3.47550,NA,NA,NA,NA
2020,5,brownp3,13994,Pharaoh Brown,TE,HOU,2.156,0.000,0.000,0.000,0.000,0.000,0.000,0.000,0.000,0.000,1.212,16.482,0.087,0.007,0.000,0.000,0.000,0.000,0.825,3.368,2.76200,NA,NA,NA,NA
2020,5,evereg1,13236,Gerald Everett,TE,SEA,2.004,0.000,0.000,0.000,0.000,0.000,0.000,0.000,0.000,0.000,1.569,17.998,0.037,0.009,0.000,0.000,0.000,0.000,0.944,3.573,2.78850,NA,NA,NA,NA
2020,5,griffr2,11399,Ryan Griffin,TE,NYJ,1.936,0.000,0.000,0.000,0.000,0.000,0.000,0.000,0.000,0.000,1.243,13.997,0.093,0.011,0.000,0.000,0.000,0.000,0.738,3.179,2.55750,NA,NA,NA,NA
2020,5,oshauj1,12330,James O'Shaughnessy,TE,JAX,1.908,0.000,0.000,0.000,0.000,0.000,0.000,0.000,0.000,0.000,1.426,17.183,0.035,0.010,0.000,0.000,0.000,0.000,0.889,3.334,2.62100,NA,NA,NA,NA
2020,5,conklt1,13675,Tyler Conklin,TE,MIN,1.834,0.000,0.000,0.000,0.000,0.000,0.000,0.000,0.000,0.000,0.878,13.921,0.076,0.007,0.000,0.000,0.000,0.000,0.670,2.712,2.27300,NA,NA,NA,NA
2020,5,njokud1,13192,David Njoku,TE,CLE,1.757,0.000,0.000,0.000,0.000,0.000,0.000,0.000,0.000,0.000,1.210,13.694,0.068,0.010,0.000,0.000,0.000,0.000,0.721,2.967,2.36200,NA,NA,NA,NA
2020,5,bellb1,12213,Blake Bell,TE,KC,1.599,0.000,0.000,0.000,0.000,0.000,0.000,0.000,0.000,0.000,0.857,11.749,0.072,0.004,0.000,0.000,0.000,0.000,0.587,2.456,2.02750,NA,NA,NA,NA
2020,5,wittej1,6997,Jason Witten,TE,,1.536,0.000,0.000,0.000,0.000,0.000,0.000,0.000,0.000,0.000,0.845,8.140,0.123,0.008,0.000,0.000,0.000,0.000,0.451,2.381,1.95850,NA,NA,NA,NA
2020,5,pruitm1,12309,MyCole Pruitt,TE,TEN,1.443,0.000,0.000,0.000,0.000,0.000,0.000,0.000,0.000,0.000,1.257,7.526,0.118,0.009,0.000,0.000,0.000,0.000,0.502,2.700,2.07150,NA,NA,NA,NA
2020,5,disslw1,13763,Will Dissly,TE,SEA,1.396,0.000,0.000,0.000,0.000,0.000,0.000,0.000,0.000,0.000,1.544,9.798,0.072,0.008,0.000,0.000,0.000,0.000,0.637,2.940,2.16800,NA,NA,NA,NA
2020,5,bryanh2,14875,Harrison Bryant,TE,CLE,1.169,0.000,0.000,0.000,0.000,0.000,0.000,0.000,0.000,0.000,0.807,9.129,0.045,0.007,0.000,0.000,0.000,0.000,0.481,1.976,1.57250,NA,NA,NA,NA
2020,5,kroftt1,12212,Tyler Kroft,TE,NYJ,1.093,0.000,0.000,0.000,0.000,0.000,0.000,0.000,0.000,0.000,1.132,7.127,0.066,0.008,0.000,0.000,0.000,0.000,0.465,2.225,1.65900,NA,NA,NA,NA
2020,5,smithk8,14142,Kaden Smith,TE,NYG,0.984,0.000,0.000,0.000,0.000,0.000,0.000,0.000,0.000,0.000,1.019,7.280,0.045,0.007,0.000,0.000,0.000,0.000,0.451,2.003,1.49350,NA,NA,NA,NA
2020,5,dwellr1,13988,Ross Dwelley,TE,SF,0.965,0.000,0.000,0.000,0.000,0.000,0.000,0.000,0.000,0.000,0.464,5.749,0.066,0.003,0.000,0.000,0.000,0.000,0.295,1.429,1.19700,NA,NA,NA,NA
2020,5,mcdonv1,11257,Vance McDonald,TE,,0.958,0.000,0.000,0.000,0.000,0.000,0.000,0.000,0.000,0.000,1.140,6.459,0.054,0.006,0.000,0.000,0.000,0.000,0.442,2.098,1.52800,NA,NA,NA,NA
2020,5,hillj4,11529,Josh Hill,TE,,0.911,0.000,0.000,0.000,0.000,0.000,0.000,0.000,0.000,0.000,0.847,8.610,0.010,0.005,0.000,0.000,0.000,0.000,0.469,1.758,1.33450,NA,NA,NA,NA
2020,5,hollij1,13391,Jacob Hollister,TE,BUF,0.901,0.000,0.000,0.000,0.000,0.000,0.000,0.000,0.000,0.000,0.257,3.266,0.096,0.001,0.000,0.000,0.000,0.000,0.166,1.158,1.02950,NA,NA,NA,NA
2020,5,harrid3,11448,Demetrius Harris,TE,CHI,0.603,0.000,0.000,0.000,0.000,0.000,0.000,0.000,0.000,0.000,0.429,4.849,0.021,0.004,0.000,0.000,0.000,0.000,0.256,1.032,0.81750,NA,NA,NA,NA
2020,5,shahea1,13254,Adam Shaheen,TE,MIA,0.580,0.000,0.000,0.000,0.000,0.000,0.000,0.000,0.000,0.000,0.337,4.956,0.015,0.003,0.000,0.000,0.000,0.000,0.243,0.917,0.74850,NA,NA,NA,NA
2020,5,cartec1,13369,Cethan Carter,TE,MIA,0.536,0.000,0.000,0.000,0.000,0.000,0.000,0.000,0.000,0.000,0.357,5.418,0.000,0.003,0.000,0.000,0.000,0.000,0.264,0.893,0.71450,NA,NA,NA,NA
2020,5,greenv1,10432,Virgil Green,TE,LAC,0.526,0.000,0.000,0.000,0.000,0.000,0.000,0.000,0.000,0.000,0.338,3.879,0.024,0.003,0.000,0.000,0.000,0.000,0.204,0.864,0.69500,NA,NA,NA,NA
2020,5,manhec1,12955,Chris Manhertz,TE,JAX,0.382,0.000,0.000,0.000,0.000,0.000,0.000,0.000,0.000,0.000,0.239,2.656,0.020,0.002,0.000,0.000,0.000,0.000,0.141,0.621,0.50150,NA,NA,NA,NA
2020,5,smithl1,10398,Lee Smith,TE,ATL,0.361,0.000,0.000,0.000,0.000,0.000,0.000,0.000,0.000,0.000,0.226,1.425,0.037,0.002,0.000,0.000,0.000,0.000,0.093,0.587,0.47400,NA,NA,NA,NA
2020,5,wescot1,14231,Trevon Wesco,TE,NYJ,0.319,0.000,0.000,0.000,0.000,0.000,0.000,0.000,0.000,0.000,0.207,2.333,0.015,0.002,0.000,0.000,0.000,0.000,0.123,0.526,0.42250,NA,NA,NA,NA
2020,5,stockl1,10354,Luke Stocker,TE,ATL,0.292,0.000,0.000,0.000,0.000,0.000,0.000,0.000,0.000,0.000,0.514,2.976,0.000,0.003,0.000,0.000,0.000,0.000,0.202,0.806,0.54900,NA,NA,NA,NA
2020,5,keizen1,14356,Nick Keizer,TE,KC,0.240,0.000,0.000,0.000,0.000,0.000,0.000,0.000,0.000,0.000,0.134,1.643,0.013,0.001,0.000,0.000,0.000,0.000,0.085,0.374,0.30700,NA,NA,NA,NA
2020,5,hillt1,12801,Tyreek Hill,WR,KC,14.672,0.000,0.000,0.000,0.000,0.000,0.000,1.458,8.155,0.063,5.081,87.103,0.804,0.028,0.000,0.000,0.000,0.338,3.815,19.753,17.21250,NA,NA,NA,NA
2020,5,hopkid1,11232,DeAndre Hopkins,WR,ARI,13.464,0.000,0.000,0.000,0.000,0.000,0.000,0.000,0.000,0.000,7.667,89.040,0.775,0.045,0.000,0.000,0.000,0.000,4.595,21.131,17.29750,NA,NA,NA,NA
2020,5,metcad1,14102,DK Metcalf,WR,SEA,13.110,0.000,0.000,0.000,0.000,0.000,0.000,0.000,0.000,0.000,4.245,102.881,0.478,0.023,0.000,0.000,0.000,0.000,4.012,17.355,15.23250,NA,NA,NA,NA
2020,5,thiela1,11938,Adam Thielen,WR,MIN,12.906,0.000,0.000,0.000,0.000,0.000,0.000,0.588,2.460,0.000,6.586,84.921,0.714,0.058,0.000,0.000,0.000,0.102,4.178,19.492,16.19900,NA,NA,NA,NA
2020,5,ridlec1,13629,Calvin Ridley,WR,ATL,12.487,0.000,0.000,0.000,0.000,0.000,0.000,0.181,1.974,0.000,5.135,84.817,0.645,0.031,0.000,0.000,0.000,0.082,3.767,17.622,15.05450,NA,NA,NA,NA
2020,5,locket1,12187,Tyler Lockett,WR,SEA,11.660,0.000,0.000,0.000,0.000,0.000,0.000,0.000,0.000,0.000,6.818,80.018,0.622,0.037,0.000,0.000,0.000,0.000,4.109,18.478,15.06900,NA,NA,NA,NA
2020,5,diggss1,12186,Stefon Diggs,WR,BUF,11.647,0.000,0.000,0.000,0.000,0.000,0.000,0.000,0.000,0.000,5.887,86.952,0.505,0.039,0.000,0.000,0.000,0.000,4.037,17.534,14.59050,NA,NA,NA,NA
2020,5,kuppc1,13164,Cooper Kupp,WR,LAR,11.274,0.000,0.000,0.000,0.000,0.000,0.000,1.165,5.022,0.000,5.828,71.993,0.608,0.038,0.000,0.000,0.000,0.208,3.611,17.102,14.18800,NA,NA,NA,NA
2020,5,charkd1,13668,D.J. Chark,WR,JAX,11.235,0.000,0.000,0.000,0.000,0.000,0.000,0.000,0.000,0.000,5.229,80.189,0.548,0.036,0.000,0.000,0.000,0.000,3.667,16.464,13.84950,NA,NA,NA,NA
2020,5,evansm1,11671,Mike Evans,WR,TB,11.226,0.000,0.000,0.000,0.000,0.000,0.000,0.000,0.000,0.000,5.570,75.244,0.628,0.033,0.000,0.000,0.000,0.000,3.627,16.796,14.01100,NA,NA,NA,NA
2020,5,coopea1,12175,Amari Cooper,WR,DAL,11.203,0.000,0.000,0.000,0.000,0.000,0.000,0.000,0.000,0.000,7.573,80.566,0.537,0.038,0.000,0.000,0.000,0.000,4.336,18.776,14.98950,NA,NA,NA,NA
2020,5,brownm6,14105,Marquise Brown,WR,BAL,11.147,0.000,0.000,0.000,0.000,0.000,0.000,0.000,0.000,0.000,5.053,80.366,0.526,0.023,0.000,0.000,0.000,0.000,3.622,16.200,13.67350,NA,NA,NA,NA
2020,5,moored4,13635,D.J. Moore,WR,CAR,11.147,0.000,0.000,0.000,0.000,0.000,0.000,0.000,0.000,0.000,5.374,74.368,0.631,0.038,0.000,0.000,0.000,0.000,3.548,16.521,13.83400,NA,NA,NA,NA
2020,5,robina3,11678,Allen Robinson,WR,CHI,11.069,0.000,0.000,0.000,0.000,0.000,0.000,0.000,0.000,0.000,6.549,87.287,0.409,0.057,0.000,0.000,0.000,0.000,4.233,17.618,14.34350,NA,NA,NA,NA
2020,5,fullew1,12647,Will Fuller,WR,MIA,11.054,0.000,0.000,0.000,0.000,0.000,0.000,0.000,0.000,0.000,5.455,77.916,0.554,0.031,0.000,0.000,0.000,0.000,3.668,16.509,13.78150,NA,NA,NA,NA
2020,5,woodsr1,11228,Robert Woods,WR,LAR,11.015,0.000,0.000,0.000,0.000,0.000,0.000,2.038,15.065,0.103,5.491,64.280,0.424,0.041,0.000,0.000,0.000,0.625,3.305,16.506,13.76050,NA,NA,NA,NA
2020,5,anderr2,12930,Robby Anderson,WR,CAR,10.900,0.000,0.000,0.000,0.000,0.000,0.000,0.000,0.000,0.000,6.090,79.680,0.503,0.043,0.000,0.000,0.000,0.000,3.895,16.990,13.94500,NA,NA,NA,NA
2020,5,allenk1,11222,Keenan Allen,WR,LAC,10.763,0.000,0.000,0.000,0.000,0.000,0.000,0.000,0.000,0.000,7.334,82.750,0.434,0.058,0.000,0.000,0.000,0.000,4.329,18.097,14.43000,NA,NA,NA,NA
2020,5,mclaut1,14109,Terry McLaurin,WR,WAS,10.562,0.000,0.000,0.000,0.000,0.000,0.000,0.000,0.000,0.000,5.524,88.175,0.306,0.046,0.000,0.000,0.000,0.000,3.969,16.086,13.32400,NA,NA,NA,NA
2020,5,beckho1,11679,Odell Beckham,WR,CLE,10.522,0.000,0.000,0.000,0.000,0.000,0.000,0.500,4.347,0.000,4.839,71.892,0.498,0.045,0.000,0.000,0.000,0.180,3.330,15.361,12.94150,NA,NA,NA,NA
2020,5,slaytd1,14122,Darius Slayton,WR,NYG,10.266,0.000,0.000,0.000,0.000,0.000,0.000,0.000,0.000,0.000,4.189,71.099,0.536,0.030,0.000,0.000,0.000,0.000,3.126,14.455,12.36050,NA,NA,NA,NA
2020,5,lambc1,14832,CeeDee Lamb,WR,DAL,10.138,0.000,0.000,0.000,0.000,0.000,0.000,0.571,3.240,0.000,4.573,67.138,0.525,0.025,0.000,0.000,0.000,0.134,3.125,14.711,12.42450,NA,NA,NA,NA
2020,5,parked1,12176,DeVante Parker,WR,MIA,10.082,0.000,0.000,0.000,0.000,0.000,0.000,0.000,0.000,0.000,5.624,74.342,0.456,0.044,0.000,0.000,0.000,0.000,3.618,15.706,12.89400,NA,NA,NA,NA
2020,5,jeffej1,14836,Justin Jefferson,WR,MIN,10.002,0.000,0.000,0.000,0.000,0.000,0.000,0.000,0.000,0.000,5.159,75.176,0.428,0.042,0.000,0.000,0.000,0.000,3.510,15.161,12.58150,NA,NA,NA,NA
2020,5,smithj5,13156,JuJu Smith-Schuster,WR,PIT,9.665,0.000,0.000,0.000,0.000,0.000,0.000,0.000,0.000,0.000,5.586,71.046,0.437,0.031,0.000,0.000,0.000,0.000,3.517,15.251,12.45800,NA,NA,NA,NA
2020,5,boydt2,12650,Tyler Boyd,WR,CIN,9.533,0.000,0.000,0.000,0.000,0.000,0.000,0.266,1.527,0.000,5.705,79.105,0.262,0.051,0.000,0.000,0.000,0.063,3.771,15.238,12.38550,NA,NA,NA,NA
2020,5,browna5,14104,A.J. Brown,WR,TEN,9.475,0.000,0.000,0.000,0.000,0.000,0.000,0.000,0.000,0.000,5.714,72.752,0.381,0.043,0.000,0.000,0.000,0.000,3.600,15.189,12.33200,NA,NA,NA,NA
2020,5,gallum1,13646,Michael Gallup,WR,DAL,9.250,0.000,0.000,0.000,0.000,0.000,0.000,0.000,0.000,0.000,4.430,67.138,0.430,0.022,0.000,0.000,0.000,0.000,3.085,13.680,11.46500,NA,NA,NA,NA
2020,5,shenal1,14838,Laviska Shenault,WR,JAX,8.902,0.000,0.000,0.000,0.000,0.000,0.000,2.264,15.940,0.045,4.160,52.982,0.305,0.045,0.000,0.000,0.000,0.662,2.621,13.062,10.98200,NA,NA,NA,NA
2020,5,hiltot1,10729,T.Y. Hilton,WR,IND,8.863,0.000,0.000,0.000,0.000,0.000,0.000,0.000,0.000,0.000,3.913,64.708,0.407,0.025,0.000,0.000,0.000,0.000,2.873,12.776,10.81950,NA,NA,NA,NA
2020,5,crowdj1,12184,Jamison Crowder,WR,NYJ,8.690,0.000,0.000,0.000,0.000,0.000,0.000,0.000,0.000,0.000,5.281,61.822,0.433,0.045,0.000,0.000,0.000,0.000,3.178,13.971,11.33050,NA,NA,NA,NA
2020,5,johnsd15,14208,Diontae Johnson,WR,PIT,8.687,0.000,0.000,0.000,0.000,0.000,0.000,0.000,0.000,0.000,5.358,60.712,0.446,0.030,0.000,0.000,0.000,0.000,3.170,14.045,11.36600,NA,NA,NA,NA
2020,5,smitht9,13645,Tre'Quan Smith,WR,NO,8.595,0.000,0.000,0.000,0.000,0.000,0.000,0.000,0.000,0.000,4.355,55.967,0.508,0.025,0.000,0.000,0.000,0.000,2.758,12.950,10.77250,NA,NA,NA,NA
2020,5,aiyukb1,14840,Brandon Aiyuk,WR,SF,8.540,0.000,0.000,0.000,0.000,0.000,0.000,2.925,15.941,0.076,3.942,50.303,0.257,0.041,0.000,0.000,0.000,0.662,2.486,12.482,10.51100,NA,NA,NA,NA
2020,5,sandee1,9918,Emmanuel Sanders,WR,BUF,8.453,0.000,0.000,0.000,0.000,0.000,0.000,0.000,0.000,0.000,4.113,54.532,0.508,0.024,0.000,0.000,0.000,0.000,2.650,12.566,10.50950,NA,NA,NA,NA
2020,5,milles2,14280,Scott Miller,WR,TB,8.343,0.000,0.000,0.000,0.000,0.000,0.000,0.482,2.517,0.000,4.029,61.808,0.327,0.026,0.000,0.000,0.000,0.104,2.826,12.372,10.35750,NA,NA,NA,NA
2020,5,landrj1,11680,Jarvis Landry,WR,CLE,8.342,0.000,0.000,0.000,0.000,0.000,0.000,0.000,0.000,0.000,4.839,61.621,0.377,0.041,0.000,0.000,0.000,0.000,3.049,13.181,10.76150,NA,NA,NA,NA
2020,5,higgit1,14835,Tee Higgins,WR,CIN,8.249,0.000,0.000,0.000,0.000,0.000,0.000,0.442,3.055,0.000,4.517,51.472,0.480,0.042,0.000,0.000,0.000,0.127,2.680,12.766,10.50750,NA,NA,NA,NA
2020,5,tateg1,9831,Golden Tate,WR,,8.007,0.000,0.000,0.000,0.000,0.000,0.000,0.000,0.000,0.000,4.868,60.665,0.335,0.035,0.000,0.000,0.000,0.000,3.031,12.875,10.44100,NA,NA,NA,NA
2020,5,hardmm1,14113,Mecole Hardman,WR,KC,7.939,0.000,0.000,0.000,0.000,0.000,0.000,0.721,3.136,0.000,3.476,46.016,0.510,0.018,0.000,0.000,0.000,0.130,2.238,11.415,9.67700,NA,NA,NA,NA
2020,5,zaccho1,14592,Olamide Zaccheaus,WR,ATL,7.730,0.000,0.000,0.000,0.000,0.000,0.000,0.000,0.000,0.000,4.365,55.057,0.379,0.025,0.000,0.000,0.000,0.000,2.736,12.095,9.91250,NA,NA,NA,NA
2020,5,cooksb1,11674,Brandin Cooks,WR,HOU,7.542,0.000,0.000,0.000,0.000,0.000,0.000,0.000,0.000,0.000,4.121,52.443,0.391,0.024,0.000,0.000,0.000,0.000,2.595,11.663,9.60250,NA,NA,NA,NA
2020,5,samued1,14136,Deebo Samuel,WR,SF,7.402,0.000,0.000,0.000,0.000,0.000,0.000,1.232,9.299,0.054,3.826,53.178,0.149,0.032,0.000,0.000,0.000,0.386,2.533,11.228,9.31500,NA,NA,NA,NA
2020,5,watkis1,11670,Sammy Watkins,WR,BAL,7.240,0.000,0.000,0.000,0.000,0.000,0.000,0.000,0.000,0.000,4.947,57.521,0.255,0.021,0.000,0.000,0.000,0.000,2.967,12.187,9.71350,NA,NA,NA,NA
2020,5,samuec1,13157,Curtis Samuel,WR,WAS,7.220,0.000,0.000,0.000,0.000,0.000,0.000,2.033,12.589,0.079,3.463,38.512,0.286,0.040,0.000,0.000,0.000,0.522,2.029,10.683,8.95150,NA,NA,NA,NA
2020,5,gager1,13809,Russell Gage,WR,ATL,7.205,0.000,0.000,0.000,0.000,0.000,0.000,0.000,0.000,0.000,4.750,53.569,0.317,0.027,0.000,0.000,0.000,0.000,2.803,11.955,9.58000,NA,NA,NA,NA
2020,5,renfrh1,14123,Hunter Renfrow,WR,LV,7.200,0.000,0.000,0.000,0.000,0.000,0.000,0.000,0.000,0.000,3.865,56.982,0.262,0.035,0.000,0.000,0.000,0.000,2.648,11.065,9.13250,NA,NA,NA,NA
2020,5,cobbr1,10308,Randall Cobb,WR,HOU,7.064,0.000,0.000,0.000,0.000,0.000,0.000,0.000,0.000,0.000,4.000,55.440,0.261,0.023,0.000,0.000,0.000,0.000,2.643,11.064,9.06400,NA,NA,NA,NA
2020,5,davisg2,14845,Gabriel Davis,WR,BUF,7.044,0.000,0.000,0.000,0.000,0.000,0.000,0.000,0.000,0.000,2.944,42.763,0.468,0.020,0.000,0.000,0.000,0.000,1.999,9.988,8.51600,NA,NA,NA,NA
2020,5,pascaz1,13488,Zach Pascal,WR,IND,6.866,0.000,0.000,0.000,0.000,0.000,0.000,0.000,0.000,0.000,3.354,45.676,0.390,0.021,0.000,0.000,0.000,0.000,2.194,10.220,8.54300,NA,NA,NA,NA
2020,5,kirkc1,13633,Christian Kirk,WR,ARI,6.863,0.000,0.000,0.000,0.000,0.000,0.000,0.342,2.777,0.000,3.777,45.692,0.344,0.024,0.000,0.000,0.000,0.115,2.314,10.640,8.75150,NA,NA,NA,NA
2020,5,brownj5,11783,John Brown,WR,LV,6.761,0.000,0.000,0.000,0.000,0.000,0.000,0.000,0.000,0.000,3.283,45.614,0.374,0.022,0.000,0.000,0.000,0.000,2.173,10.044,8.40250,NA,NA,NA,NA
2020,5,wardg1,13864,Greg Ward,WR,PHI,6.746,0.000,0.000,0.000,0.000,0.000,0.000,0.000,0.000,0.000,4.340,51.662,0.276,0.038,0.000,0.000,0.000,0.000,2.636,11.086,8.91600,NA,NA,NA,NA
2020,5,raymok1,13066,Kalif Raymond,WR,DET,6.710,0.000,0.000,0.000,0.000,0.000,0.000,0.000,0.000,0.000,3.885,52.683,0.250,0.029,0.000,0.000,0.000,0.000,2.536,10.595,8.65250,NA,NA,NA,NA
2020,5,colek1,13412,Keelan Cole,WR,NYJ,6.644,0.000,0.000,0.000,0.000,0.000,0.000,0.000,0.000,0.000,3.803,42.959,0.400,0.026,0.000,0.000,0.000,0.000,2.246,10.447,8.54550,NA,NA,NA,NA
2020,5,greena2,10261,A.J. Green,WR,ARI,6.587,0.000,0.000,0.000,0.000,0.000,0.000,0.000,0.000,0.000,4.279,47.409,0.320,0.037,0.000,0.000,0.000,0.000,2.502,10.866,8.72650,NA,NA,NA,NA
2020,5,beaslc1,10973,Cole Beasley,WR,BUF,6.515,0.000,0.000,0.000,0.000,0.000,0.000,0.000,0.000,0.000,3.963,55.592,0.168,0.026,0.000,0.000,0.000,0.000,2.637,10.478,8.49650,NA,NA,NA,NA
2020,5,moored3,13348,David Moore,WR,CAR,6.177,0.000,0.000,0.000,0.000,0.000,0.000,0.000,0.000,0.000,2.444,44.092,0.299,0.013,0.000,0.000,0.000,0.000,1.895,8.621,7.39900,NA,NA,NA,NA
2020,5,smithj8,14561,Jeff Smith,WR,NYJ,6.147,0.000,0.000,0.000,0.000,0.000,0.000,0.000,0.000,0.000,2.899,44.325,0.294,0.025,0.000,0.000,0.000,0.000,2.029,9.046,7.59650,NA,NA,NA,NA
2020,5,millea1,13639,Anthony Miller,WR,CHI,6.008,0.000,0.000,0.000,0.000,0.000,0.000,0.442,1.557,0.000,3.221,40.007,0.319,0.031,0.000,0.000,0.000,0.065,2.002,9.229,7.61850,NA,NA,NA,NA
2020,5,willim7,13154,Mike Williams,WR,LAC,5.644,0.000,0.000,0.000,0.000,0.000,0.000,0.000,0.000,0.000,2.257,41.375,0.257,0.018,0.000,0.000,0.000,0.000,1.768,7.901,6.77250,NA,NA,NA,NA
2020,5,willip4,14126,Preston Williams,WR,MIA,5.627,0.000,0.000,0.000,0.000,0.000,0.000,0.000,0.000,0.000,2.812,34.693,0.367,0.022,0.000,0.000,0.000,0.000,1.741,8.439,7.03300,NA,NA,NA,NA
2020,5,claypc1,14841,Chase Claypool,WR,PIT,5.372,0.000,0.000,0.000,0.000,0.000,0.000,0.355,2.343,0.000,1.596,38.752,0.214,0.011,0.000,0.000,0.000,0.097,1.510,6.968,6.17000,NA,NA,NA,NA
2020,5,fordi1,13162,Isaiah Ford,WR,MIA,5.275,0.000,0.000,0.000,0.000,0.000,0.000,0.000,0.000,0.000,3.824,42.127,0.187,0.030,0.000,0.000,0.000,0.000,2.229,9.099,7.18700,NA,NA,NA,NA
2020,5,sneadw1,11951,Willie Snead,WR,LV,5.099,0.000,0.000,0.000,0.000,0.000,0.000,0.000,0.000,0.000,2.636,36.165,0.251,0.012,0.000,0.000,0.000,0.000,1.732,7.735,6.41700,NA,NA,NA,NA
2020,5,boykim1,14125,Miles Boykin,WR,BAL,4.682,0.000,0.000,0.000,0.000,0.000,0.000,0.000,0.000,0.000,3.185,37.504,0.160,0.014,0.000,0.000,0.000,0.000,1.923,7.867,6.27450,NA,NA,NA,NA
2020,5,inmand1,11957,Dontrelle Inman,WR,,4.573,0.000,0.000,0.000,0.000,0.000,0.000,0.000,0.000,0.000,2.868,27.845,0.306,0.024,0.000,0.000,0.000,0.000,1.569,7.441,6.00700,NA,NA,NA,NA
2020,5,stillk1,11227,Kenny Stills,WR,,4.303,0.000,0.000,0.000,0.000,0.000,0.000,0.000,0.000,0.000,2.182,26.971,0.272,0.013,0.000,0.000,0.000,0.000,1.352,6.485,5.39400,NA,NA,NA,NA
2020,5,mooned1,14974,Darnell Mooney,WR,CHI,4.085,0.000,0.000,0.000,0.000,0.000,0.000,0.000,0.000,0.000,3.436,33.945,0.125,0.030,0.000,0.000,0.000,0.000,1.896,7.521,5.80300,NA,NA,NA,NA
2020,5,ruggsh1,14834,Henry Ruggs,WR,LV,4.081,0.000,0.000,0.000,0.000,0.000,0.000,0.000,0.000,0.000,1.812,29.848,0.188,0.016,0.000,0.000,0.000,0.000,1.327,5.893,4.98700,NA,NA,NA,NA
2020,5,hightj1,14969,John Hightower,WR,PHI,3.993,0.000,0.000,0.000,0.000,0.000,0.000,0.000,0.000,0.000,2.170,30.528,0.163,0.019,0.000,0.000,0.000,0.000,1.446,6.163,5.07800,NA,NA,NA,NA
2020,5,agholn1,12181,Nelson Agholor,WR,NE,3.950,0.000,0.000,0.000,0.000,0.000,0.000,0.000,0.000,0.000,2.295,27.135,0.213,0.021,0.000,0.000,0.000,0.000,1.389,6.245,5.09750,NA,NA,NA,NA
2020,5,bournk1,13418,Kendrick Bourne,WR,NE,3.847,0.000,0.000,0.000,0.000,0.000,0.000,0.000,0.000,0.000,2.203,25.870,0.215,0.015,0.000,0.000,0.000,0.000,1.328,6.050,4.94850,NA,NA,NA,NA
2020,5,washij1,13631,James Washington,WR,PIT,3.797,0.000,0.000,0.000,0.000,0.000,0.000,0.000,0.000,0.000,2.508,23.251,0.250,0.014,0.000,0.000,0.000,0.000,1.342,6.305,5.05100,NA,NA,NA,NA
2020,5,reynoj1,13168,Josh Reynolds,WR,TEN,3.723,0.000,0.000,0.000,0.000,0.000,0.000,0.000,0.000,0.000,2.466,30.854,0.111,0.014,0.000,0.000,0.000,0.000,1.539,6.189,4.95600,NA,NA,NA,NA
2020,5,wrighi1,15077,Isaiah Wright,WR,WAS,3.623,0.000,0.000,0.000,0.000,0.000,0.000,0.590,4.389,0.000,3.081,24.364,0.135,0.031,0.000,0.000,0.000,0.182,1.534,6.704,5.16350,NA,NA,NA,NA
2020,5,hoganc1,10983,Chris Hogan,WR,,3.528,0.000,0.000,0.000,0.000,0.000,0.000,0.000,0.000,0.000,2.278,24.495,0.186,0.019,0.000,0.000,0.000,0.000,1.312,5.806,4.66700,NA,NA,NA,NA
2020,5,blakec1,14342,Christian Blake,WR,ATL,3.304,0.000,0.000,0.000,0.000,0.000,0.000,0.000,0.000,0.000,2.054,25.296,0.133,0.012,0.000,0.000,0.000,0.000,1.270,5.358,4.33100,NA,NA,NA,NA
2020,5,johnsm3,13387,Marcus Johnson,WR,TEN,3.200,0.000,0.000,0.000,0.000,0.000,0.000,0.000,0.000,0.000,1.565,22.838,0.156,0.010,0.000,0.000,0.000,0.000,1.066,4.765,3.98250,NA,NA,NA,NA
2020,5,berrib2,13638,Braxton Berrios,WR,NYJ,3.096,0.000,0.000,0.000,0.000,0.000,0.000,0.000,0.000,0.000,1.450,20.996,0.170,0.012,0.000,0.000,0.000,0.000,0.983,4.546,3.82100,NA,NA,NA,NA
2020,5,johnst3,14864,Tyler Johnson,WR,TB,3.043,0.000,0.000,0.000,0.000,0.000,0.000,0.000,0.000,0.000,2.252,25.529,0.086,0.013,0.000,0.000,0.000,0.000,1.333,5.295,4.16900,NA,NA,NA,NA
2020,5,isabea1,14121,Andy Isabella,WR,ARI,3.014,0.000,0.000,0.000,0.000,0.000,0.000,0.000,0.000,0.000,1.373,22.260,0.134,0.008,0.000,0.000,0.000,0.000,0.996,4.387,3.70050,NA,NA,NA,NA
2020,5,conlec1,12257,Chris Conley,WR,HOU,2.924,0.000,0.000,0.000,0.000,0.000,0.000,0.000,0.000,0.000,1.426,25.775,0.061,0.010,0.000,0.000,0.000,0.000,1.107,4.350,3.63700,NA,NA,NA,NA
2020,5,callam1,15034,Marquez Callaway,WR,NO,2.888,0.000,0.000,0.000,0.000,0.000,0.000,0.000,0.000,0.000,1.815,22.961,0.102,0.010,0.000,0.000,0.000,0.000,1.139,4.703,3.79550,NA,NA,NA,NA
2020,5,guytoj1,14337,Jalen Guyton,WR,LAC,2.852,0.000,0.000,0.000,0.000,0.000,0.000,0.000,0.000,0.000,1.241,18.102,0.177,0.010,0.000,0.000,0.000,0.000,0.845,4.093,3.47250,NA,NA,NA,NA
2020,5,swainf1,14865,Freddie Swain,WR,SEA,2.714,0.000,0.000,0.000,0.000,0.000,0.000,0.000,0.000,0.000,1.029,17.963,0.155,0.006,0.000,0.000,0.000,0.000,0.781,3.743,3.22850,NA,NA,NA,NA
2020,5,fitzgl1,7393,Larry Fitzgerald,WR,,2.652,0.000,0.000,0.000,0.000,0.000,0.000,0.000,0.000,0.000,2.518,19.917,0.115,0.015,0.000,0.000,0.000,0.000,1.254,5.170,3.91100,NA,NA,NA,NA
2020,5,duverd1,14847,Devin Duvernay,WR,BAL,2.619,0.000,0.000,0.000,0.000,0.000,0.000,0.000,0.000,0.000,1.757,17.413,0.149,0.008,0.000,0.000,0.000,0.000,0.971,4.376,3.49750,NA,NA,NA,NA
2020,5,wilsoc2,13652,Cedrick Wilson,WR,DAL,2.245,0.000,0.000,0.000,0.000,0.000,0.000,0.000,0.000,0.000,1.000,16.785,0.096,0.005,0.000,0.000,0.000,0.000,0.741,3.245,2.74500,NA,NA,NA,NA
2020,5,pattec1,11225,Cordarrelle Patterson,WR,ATL,2.186,0.000,0.000,0.000,0.000,0.000,0.000,3.515,14.010,0.047,0.859,4.849,0.014,0.033,0.000,0.000,0.000,0.581,0.374,3.045,2.61550,NA,NA,NA,NA
2020,5,jeffev1,14858,Van Jefferson,WR,LAR,2.116,0.000,0.000,0.000,0.000,0.000,0.000,0.000,0.000,0.000,1.233,17.998,0.055,0.007,0.000,0.000,0.000,0.000,0.840,3.349,2.73250,NA,NA,NA,NA
2020,5,fowleb1,11931,Bennie Fowler,WR,NO,1.905,0.000,0.000,0.000,0.000,0.000,0.000,0.000,0.000,0.000,1.331,14.351,0.081,0.008,0.000,0.000,0.000,0.000,0.767,3.236,2.57050,NA,NA,NA,NA
2020,5,robind2,12785,Demarcus Robinson,WR,KC,1.828,0.000,0.000,0.000,0.000,0.000,0.000,0.000,0.000,0.000,1.471,11.504,0.115,0.006,0.000,0.000,0.000,0.000,0.729,3.299,2.56350,NA,NA,NA,NA
2020,5,beebec1,13999,Chad Beebe,WR,MIN,1.737,0.000,0.000,0.000,0.000,0.000,0.000,0.000,0.000,0.000,1.317,15.314,0.038,0.011,0.000,0.000,0.000,0.000,0.790,3.054,2.39550,NA,NA,NA,NA
2020,5,ratled1,13794,Damion Ratley,WR,DET,1.733,0.000,0.000,0.000,0.000,0.000,0.000,0.000,0.000,0.000,1.019,12.133,0.089,0.007,0.000,0.000,0.000,0.000,0.619,2.752,2.24250,NA,NA,NA,NA
2020,5,westbn1,15109,Nick Westbrook,WR,TEN,1.728,0.000,0.000,0.000,0.000,0.000,0.000,0.000,0.000,0.000,1.828,17.561,0.000,0.014,0.000,0.000,0.000,0.000,0.995,3.556,2.64200,NA,NA,NA,NA
2020,5,bowdel1,14843,Lynn Bowden,WR,MIA,1.517,0.000,0.000,0.000,0.000,0.000,0.000,2.800,9.933,0.074,0.225,1.239,0.000,0.022,0.000,0.000,0.000,0.412,0.097,1.742,1.62950,NA,NA,NA,NA
2020,5,gandya1,14863,Antonio Gandy-Golden,WR,WAS,1.405,0.000,0.000,0.000,0.000,0.000,0.000,0.737,5.486,0.000,0.850,8.121,0.012,0.014,0.000,0.000,0.000,0.228,0.461,2.255,1.83000,NA,NA,NA,NA
2020,5,johnst2,14117,Tyron Johnson,WR,LAC,1.404,0.000,0.000,0.000,0.000,0.000,0.000,0.000,0.000,0.000,0.903,10.344,0.064,0.007,0.000,0.000,0.000,0.000,0.537,2.307,1.85550,NA,NA,NA,NA
2020,5,grantj1,12814,Jakeem Grant,WR,MIA,1.397,0.000,0.000,0.000,0.000,0.000,0.000,0.000,0.000,0.000,1.350,12.390,0.030,0.011,0.000,0.000,0.000,0.000,0.719,2.747,2.07200,NA,NA,NA,NA
2020,5,arcegj1,14107,J.J. Arcega-Whiteside,WR,PHI,1.345,0.000,0.000,0.000,0.000,0.000,0.000,0.000,0.000,0.000,0.651,10.567,0.050,0.006,0.000,0.000,0.000,0.000,0.473,1.996,1.67050,NA,NA,NA,NA
2020,5,brownn1,13172,Noah Brown,WR,DAL,1.335,0.000,0.000,0.000,0.000,0.000,0.000,0.000,0.000,0.000,0.857,13.428,0.000,0.004,0.000,0.000,0.000,0.000,0.609,2.192,1.76350,NA,NA,NA,NA
2020,5,tatea1,13642,Auden Tate,WR,CIN,1.248,0.000,0.000,0.000,0.000,0.000,0.000,0.000,0.000,0.000,0.594,10.836,0.029,0.005,0.000,0.000,0.000,0.000,0.464,1.842,1.54500,NA,NA,NA,NA
2020,5,mckeni1,13313,Isaiah McKenzie,WR,BUF,1.181,0.000,0.000,0.000,0.000,0.000,0.000,0.000,0.000,0.000,0.679,8.553,0.056,0.005,0.000,0.000,0.000,0.000,0.425,1.860,1.52050,NA,NA,NA,NA
2020,5,ginnt1,8673,Ted Ginn,WR,,1.093,0.000,0.000,0.000,0.000,0.000,0.000,0.000,0.000,0.000,0.429,8.486,0.042,0.004,0.000,0.000,0.000,0.000,0.353,1.522,1.30750,NA,NA,NA,NA
2020,5,fulght1,14265,Travis Fulgham,WR,PHI,1.038,0.000,0.000,0.000,0.000,0.000,0.000,0.000,0.000,0.000,0.651,8.219,0.038,0.006,0.000,0.000,0.000,0.000,0.408,1.689,1.36350,NA,NA,NA,NA
2020,5,powelb2,13910,Brandon Powell,WR,BUF,0.833,0.000,0.000,0.000,0.000,0.000,0.000,0.000,0.000,0.000,0.642,5.952,0.041,0.004,0.000,0.000,0.000,0.000,0.344,1.475,1.15400,NA,NA,NA,NA
2020,5,jonesz1,13176,Zay Jones,WR,LV,0.733,0.000,0.000,0.000,0.000,0.000,0.000,0.000,0.000,0.000,0.483,5.427,0.033,0.004,0.000,0.000,0.000,0.000,0.284,1.216,0.97450,NA,NA,NA,NA
2020,5,watkiq1,14992,Quez Watkins,WR,PHI,0.688,0.000,0.000,0.000,0.000,0.000,0.000,0.000,0.000,0.000,0.542,4.697,0.038,0.005,0.000,0.000,0.000,0.000,0.281,1.230,0.95900,NA,NA,NA,NA
2020,5,thomam3,12675,Mike Thomas,WR,CIN,0.534,0.000,0.000,0.000,0.000,0.000,0.000,0.000,0.000,0.000,0.475,5.418,0.000,0.004,0.000,0.000,0.000,0.000,0.282,1.009,0.77150,NA,NA,NA,NA
2020,5,wimsj1,13644,Javon Wims,WR,CHI,0.524,0.000,0.000,0.000,0.000,0.000,0.000,0.000,0.000,0.000,0.429,3.637,0.028,0.004,0.000,0.000,0.000,0.000,0.220,0.953,0.73850,NA,NA,NA,NA
2020,5,robers1,12471,Seth Roberts,WR,,0.512,0.000,0.000,0.000,0.000,0.000,0.000,0.000,0.000,0.000,0.358,3.984,0.020,0.003,0.000,0.000,0.000,0.000,0.210,0.870,0.69100,NA,NA,NA,NA
2020,5,harrid5,14558,Deonte Harris,WR,NO,0.395,0.000,0.000,0.000,0.000,0.000,0.000,0.578,4.014,0.000,0.000,0.000,0.000,0.003,0.000,0.000,0.000,0.167,0.000,0.395,0.39500,NA,NA,NA,NA
2020,5,taylot4,13316,Trent Taylor,WR,SF,0.385,0.000,0.000,0.000,0.000,0.000,0.000,0.000,0.000,0.000,0.232,2.874,0.017,0.002,0.000,0.000,0.000,0.000,0.144,0.617,0.50100,NA,NA,NA,NA
2020,5,moorej3,14545,Jason Moore,WR,LAC,0.351,0.000,0.000,0.000,0.000,0.000,0.000,0.000,0.000,0.000,0.226,2.586,0.016,0.002,0.000,0.000,0.000,0.000,0.134,0.577,0.46400,NA,NA,NA,NA
2020,5,boardc1,13878,C.J. Board,WR,NYG,0.329,0.000,0.000,0.000,0.000,0.000,0.000,0.000,0.000,0.000,0.226,2.427,0.015,0.002,0.000,0.000,0.000,0.000,0.130,0.555,0.44200,NA,NA,NA,NA
2020,5,peopld1,14857,Donovan Peoples-Jones,WR,CLE,0.314,0.000,0.000,0.000,0.000,0.000,0.000,0.000,0.000,0.000,0.202,2.282,0.015,0.002,0.000,0.000,0.000,0.000,0.119,0.516,0.41500,NA,NA,NA,NA
2020,5,johnso1,14305,Olabisi Johnson,WR,MIN,0.274,0.000,0.000,0.000,0.000,0.000,0.000,0.000,0.000,0.000,0.220,2.784,0.000,0.002,0.000,0.000,0.000,0.000,0.138,0.494,0.38400,NA,NA,NA,NA
2020,5,ericka1,12913,Alex Erickson,WR,HOU,0.267,0.000,0.000,0.000,0.000,0.000,0.000,0.000,0.000,0.000,0.238,2.709,0.000,0.002,0.000,0.000,0.000,0.000,0.141,0.505,0.38600,NA,NA,NA,NA
2020,5,sharpt1,12657,Tajae Sharpe,WR,KC,0.000,0.000,0.000,0.000,0.000,0.000,0.000,0.000,0.000,0.000,0.000,0.000,0.000,0.000,0.000,0.000,0.000,0.000,0.000,0.000,0.00000,NA,NA,NA,NA
2020,5,tuckej1,10976,Justin Tucker,K,BAL,9.485,0.000,0.000,0.000,0.000,0.000,0.000,0.000,0.000,0.000,0.000,0.000,0.000,0.000,3.704,1.927,0.000,0.000,0.000,9.485,9.48500,NA,NA,NA,NA
2020,5,butkeh1,13354,Harrison Butker,K,KC,9.403,0.000,0.000,0.000,0.000,0.000,0.000,0.000,0.000,0.000,0.000,0.000,0.000,0.000,3.814,1.863,0.000,0.000,0.000,9.403,9.40300,NA,NA,NA,NA
2020,5,blankr1,14912,Rodrigo Blankenship,K,IND,8.688,0.000,0.000,0.000,0.000,0.000,0.000,0.000,0.000,0.000,0.000,0.000,0.000,0.000,2.634,2.018,0.000,0.000,0.000,8.688,8.68800,NA,NA,NA,NA
2020,5,lutzw1,12956,Wil Lutz,K,NO,8.608,0.000,0.000,0.000,0.000,0.000,0.000,0.000,0.000,0.000,0.000,0.000,0.000,0.000,3.184,1.808,0.000,0.000,0.000,8.608,8.60800,NA,NA,NA,NA
2020,5,zuerlg1,10868,Greg Zuerlein,K,DAL,8.568,0.000,0.000,0.000,0.000,0.000,0.000,0.000,0.000,0.000,0.000,0.000,0.000,0.000,3.513,1.685,0.000,0.000,0.000,8.568,8.56800,NA,NA,NA,NA
2020,5,fairbk1,12860,Ka'imi Fairbairn,K,HOU,8.324,0.000,0.000,0.000,0.000,0.000,0.000,0.000,0.000,0.000,0.000,0.000,0.000,0.000,3.203,1.707,0.000,0.000,0.000,8.324,8.32400,NA,NA,NA,NA
2020,5,slyej1,14600,Joey Slye,K,CAR,8.273,0.000,0.000,0.000,0.000,0.000,0.000,0.000,0.000,0.000,0.000,0.000,0.000,0.000,2.765,1.836,0.000,0.000,0.000,8.273,8.27300,NA,NA,NA,NA
2020,5,myersj1,12437,Jason Myers,K,SEA,8.251,0.000,0.000,0.000,0.000,0.000,0.000,0.000,0.000,0.000,0.000,0.000,0.000,0.000,3.556,1.565,0.000,0.000,0.000,8.251,8.25100,NA,NA,NA,NA
2020,5,gostks1,8359,Stephen Gostkowski,K,TEN,8.090,0.000,0.000,0.000,0.000,0.000,0.000,0.000,0.000,0.000,0.000,0.000,0.000,0.000,2.468,1.874,0.000,0.000,0.000,8.090,8.09000,NA,NA,NA,NA
2020,5,slomas1,15024,Sam Sloman,K,,8.085,0.000,0.000,0.000,0.000,0.000,0.000,0.000,0.000,0.000,0.000,0.000,0.000,0.000,2.868,1.739,0.000,0.000,0.000,8.085,8.08500,NA,NA,NA,NA
2020,5,gonzaz1,13347,Zane Gonzalez,K,,7.976,0.000,0.000,0.000,0.000,0.000,0.000,0.000,0.000,0.000,0.000,0.000,0.000,0.000,3.086,1.630,0.000,0.000,0.000,7.976,7.97600,NA,NA,NA,NA
2020,5,gouldr1,8153,Robbie Gould,K,SF,7.969,0.000,0.000,0.000,0.000,0.000,0.000,0.000,0.000,0.000,0.000,0.000,0.000,0.000,2.737,1.744,0.000,0.000,0.000,7.969,7.96900,NA,NA,NA,NA
2020,5,boswec1,11936,Chris Boswell,K,PIT,7.940,0.000,0.000,0.000,0.000,0.000,0.000,0.000,0.000,0.000,0.000,0.000,0.000,0.000,2.747,1.731,0.000,0.000,0.000,7.940,7.94000,NA,NA,NA,NA
2020,5,kooy1,13403,Younghoe Koo,K,ATL,7.935,0.000,0.000,0.000,0.000,0.000,0.000,0.000,0.000,0.000,0.000,0.000,0.000,0.000,3.009,1.642,0.000,0.000,0.000,7.935,7.93500,NA,NA,NA,NA
2020,5,basst1,14983,Tyler Bass,K,BUF,7.501,0.000,0.000,0.000,0.000,0.000,0.000,0.000,0.000,0.000,0.000,0.000,0.000,0.000,2.743,1.586,0.000,0.000,0.000,7.501,7.50100,NA,NA,NA,NA
2020,5,sandej1,13832,Jason Sanders,K,MIA,7.451,0.000,0.000,0.000,0.000,0.000,0.000,0.000,0.000,0.000,0.000,0.000,0.000,0.000,2.237,1.738,0.000,0.000,0.000,7.451,7.45100,NA,NA,NA,NA
2020,5,succor1,9686,Ryan Succop,K,TB,7.404,0.000,0.000,0.000,0.000,0.000,0.000,0.000,0.000,0.000,0.000,0.000,0.000,0.000,2.598,1.602,0.000,0.000,0.000,7.404,7.40400,NA,NA,NA,NA
2020,5,ganog1,9694,Graham Gano,K,NYG,7.402,0.000,0.000,0.000,0.000,0.000,0.000,0.000,0.000,0.000,0.000,0.000,0.000,0.000,2.383,1.673,0.000,0.000,0.000,7.402,7.40200,NA,NA,NA,NA
2020,5,hauscs1,9319,Steven Hauschka,K,,7.399,0.000,0.000,0.000,0.000,0.000,0.000,0.000,0.000,0.000,0.000,0.000,0.000,0.000,2.638,1.587,0.000,0.000,0.000,7.399,7.39900,NA,NA,NA,NA
2020,5,carlsd1,13718,Daniel Carlson,K,LV,7.392,0.000,0.000,0.000,0.000,0.000,0.000,0.000,0.000,0.000,0.000,0.000,0.000,0.000,2.481,1.637,0.000,0.000,0.000,7.392,7.39200,NA,NA,NA,NA
2020,5,bullor1,10862,Randy Bullock,K,DET,7.384,0.000,0.000,0.000,0.000,0.000,0.000,0.000,0.000,0.000,0.000,0.000,0.000,0.000,1.978,1.802,0.000,0.000,0.000,7.384,7.38400,NA,NA,NA,NA
2020,5,bailed1,10506,Dan Bailey,K,,7.135,0.000,0.000,0.000,0.000,0.000,0.000,0.000,0.000,0.000,0.000,0.000,0.000,0.000,2.650,1.495,0.000,0.000,0.000,7.135,7.13500,NA,NA,NA,NA
2020,5,badglm1,13980,Mike Badgley,K,LAC,7.088,0.000,0.000,0.000,0.000,0.000,0.000,0.000,0.000,0.000,0.000,0.000,0.000,0.000,2.366,1.574,0.000,0.000,0.000,7.088,7.08800,NA,NA,NA,NA
2020,5,fickes1,13564,Sam Ficken,K,NYJ,6.919,0.000,0.000,0.000,0.000,0.000,0.000,0.000,0.000,0.000,0.000,0.000,0.000,0.000,2.044,1.625,0.000,0.000,0.000,6.919,6.91900,NA,NA,NA,NA
2020,5,parkec1,11966,Cody Parkey,K,CLE,6.733,0.000,0.000,0.000,0.000,0.000,0.000,0.000,0.000,0.000,0.000,0.000,0.000,0.000,2.440,1.431,0.000,0.000,0.000,6.733,6.73300,NA,NA,NA,NA
2020,5,ellioj1,13303,Jake Elliott,K,PHI,6.517,0.000,0.000,0.000,0.000,0.000,0.000,0.000,0.000,0.000,0.000,0.000,0.000,0.000,1.855,1.554,0.000,0.000,0.000,6.517,6.51700,NA,NA,NA,NA
2020,5,santoc1,11945,Cairo Santos,K,CHI,6.192,0.000,0.000,0.000,0.000,0.000,0.000,0.000,0.000,0.000,0.000,0.000,0.000,0.000,1.854,1.446,0.000,0.000,0.000,6.192,6.19200,NA,NA,NA,NA
2020,5,hopkid2,11387,Dustin Hopkins,K,WAS,5.902,0.000,0.000,0.000,0.000,0.000,0.000,0.000,0.000,0.000,0.000,0.000,0.000,0.000,1.861,1.347,0.000,0.000,0.000,5.902,5.90200,NA,NA,NA,NA
2020,5,NA,NA,NA,DEF,ARI,7.747,20.710,34.174,233.290,1.547,1.049,NA,24.511,82.702,0.497,0.000,0.000,0.000,NA,2.044,1.625,NA,NA,NA,NA,NA,0.637,0.231,2.580,19.183
2020,5,NA,NA,NA,DEF,ATL,5.750,23.884,35.366,265.599,1.973,0.581,NA,25.606,104.911,0.792,0.000,0.000,0.000,NA,2.765,1.836,NA,NA,NA,NA,NA,0.580,0.198,2.240,24.863
2020,5,NA,NA,NA,DEF,BAL,9.646,24.009,37.418,270.906,1.454,1.035,NA,23.187,101.820,0.524,0.000,0.000,0.000,NA,1.978,1.802,NA,NA,NA,NA,NA,0.719,0.279,4.090,19.252
2020,5,NA,NA,NA,DEF,BUF,6.702,22.854,34.577,250.870,1.387,0.719,NA,27.822,122.417,1.081,0.000,0.000,0.000,NA,2.468,1.874,NA,NA,NA,NA,NA,0.561,0.187,3.020,22.898
2020,5,NA,NA,NA,DEF,CAR,5.506,25.804,38.873,297.603,2.047,0.731,NA,25.866,131.570,0.962,0.000,0.000,0.000,NA,3.009,1.642,NA,NA,NA,NA,NA,0.516,0.162,2.040,25.989
2020,5,NA,NA,NA,DEF,CHI,4.816,23.700,36.247,268.729,1.721,0.565,NA,26.025,100.670,0.877,0.000,0.000,0.000,NA,2.598,1.602,NA,NA,NA,NA,NA,0.478,0.140,1.890,22.992
2020,5,NA,NA,NA,DEF,CIN,4.080,21.639,31.425,267.887,2.285,0.440,NA,33.411,167.721,1.419,0.000,0.000,0.000,NA,3.704,1.927,NA,NA,NA,NA,NA,0.377,0.081,1.960,31.709
2020,5,NA,NA,NA,DEF,CLE,5.810,22.360,33.270,253.755,1.733,0.858,NA,27.695,122.874,0.901,0.000,0.000,0.000,NA,2.634,2.018,NA,NA,NA,NA,NA,0.516,0.162,2.090,24.492
2020,5,NA,NA,NA,DEF,DAL,7.284,22.644,36.781,242.660,1.490,1.126,NA,23.907,106.811,0.893,0.000,0.000,0.000,NA,2.383,1.673,NA,NA,NA,NA,NA,0.579,0.199,2.680,21.700
2020,5,NA,NA,NA,DEF,HOU,6.406,23.770,35.859,286.390,1.741,0.861,NA,25.204,113.855,0.897,0.000,0.000,0.000,NA,2.638,1.587,NA,NA,NA,NA,NA,0.581,0.187,2.400,23.227
2020,5,NA,NA,NA,DEF,IND,7.368,20.163,30.488,228.227,1.508,0.801,NA,29.616,144.912,0.932,0.000,0.000,0.000,NA,2.440,1.431,NA,NA,NA,NA,NA,0.650,0.248,2.978,21.373
2020,5,NA,NA,NA,DEF,JAX,6.098,24.244,36.720,299.677,2.174,0.885,NA,25.524,107.992,1.029,0.000,0.000,0.000,NA,3.203,1.707,NA,NA,NA,NA,NA,0.465,0.133,2.600,27.542
2020,5,NA,NA,NA,DEF,KC,7.996,24.156,35.547,271.345,1.639,1.038,NA,25.742,114.910,0.842,0.000,0.000,0.000,NA,2.481,1.637,NA,NA,NA,NA,NA,0.707,0.271,2.880,22.278
2020,5,NA,NA,NA,DEF,LAC,4.166,24.196,34.893,287.011,2.032,0.412,NA,27.617,114.675,1.152,0.000,0.000,0.000,NA,3.184,1.808,NA,NA,NA,NA,NA,0.459,0.129,1.650,27.712
2020,5,NA,NA,NA,DEF,LAR,9.572,21.034,34.755,232.040,1.223,1.109,NA,24.384,109.728,0.638,0.000,0.000,0.000,NA,1.861,1.347,NA,NA,NA,NA,NA,0.650,0.238,3.160,17.068
2020,5,NA,NA,NA,DEF,LV,3.580,26.741,37.831,328.689,2.551,0.299,NA,29.004,125.457,1.263,0.000,0.000,0.000,NA,3.814,1.863,NA,NA,NA,NA,NA,0.389,0.089,1.670,32.287
2020,5,NA,NA,NA,DEF,MIA,5.942,23.190,34.549,287.448,1.656,0.815,NA,27.834,132.838,1.081,0.000,0.000,0.000,NA,2.737,1.744,NA,NA,NA,NA,NA,0.504,0.154,2.380,24.391
2020,5,NA,NA,NA,DEF,MIN,4.538,25.856,36.686,326.606,2.391,0.293,NA,27.576,119.814,1.165,0.000,0.000,0.000,NA,3.556,1.565,NA,NA,NA,NA,NA,0.459,0.129,2.260,29.587
2020,5,NA,NA,NA,DEF,NO,7.600,22.678,34.783,258.593,1.606,0.860,NA,25.690,101.465,0.760,0.000,0.000,0.000,NA,2.366,1.574,NA,NA,NA,NA,NA,0.637,0.231,3.220,21.284
2020,5,NA,NA,NA,DEF,NYG,4.874,28.864,41.958,335.692,2.388,0.662,NA,26.439,107.991,1.125,0.000,0.000,0.000,NA,3.513,1.685,NA,NA,NA,NA,NA,0.427,0.111,2.030,29.646
2020,5,NA,NA,NA,DEF,NYJ,6.248,22.888,33.959,234.317,1.913,0.823,NA,29.077,138.839,1.173,0.000,0.000,0.000,NA,3.086,1.630,NA,NA,NA,NA,NA,0.459,0.129,2.910,26.492
2020,5,NA,NA,NA,DEF,PHI,4.486,22.914,34.320,258.348,1.784,0.402,NA,28.052,117.134,0.963,0.000,0.000,0.000,NA,2.747,1.731,NA,NA,NA,NA,NA,0.459,0.129,1.990,24.422
2020,5,NA,NA,NA,DEF,PIT,9.277,21.590,35.224,234.827,1.255,0.845,NA,23.757,90.441,0.600,0.000,0.000,0.000,NA,1.855,1.554,NA,NA,NA,NA,NA,0.637,0.231,3.750,17.647
2020,5,NA,NA,NA,DEF,SEA,7.304,21.953,32.744,278.429,1.903,1.017,NA,25.657,122.978,0.747,0.000,0.000,0.000,NA,2.650,1.495,NA,NA,NA,NA,NA,0.637,0.231,2.610,23.035
2020,5,NA,NA,NA,DEF,SF,7.994,22.494,34.334,247.806,1.496,1.112,NA,24.909,99.330,0.741,0.000,0.000,0.000,NA,2.237,1.738,NA,NA,NA,NA,NA,0.592,0.206,3.350,20.873
2020,5,NA,NA,NA,DEF,TB,9.476,21.472,35.404,242.464,1.387,1.004,NA,22.929,77.835,0.467,0.000,0.000,0.000,NA,1.854,1.446,NA,NA,NA,NA,NA,0.648,0.250,3.330,17.316
2020,5,NA,NA,NA,DEF,TEN,6.262,23.549,36.087,285.087,1.872,0.592,NA,27.132,121.623,0.871,0.000,0.000,0.000,NA,2.743,1.586,NA,NA,NA,NA,NA,0.535,0.173,2.970,23.959
2020,5,NA,NA,NA,DEF,WAS,5.304,22.526,32.717,257.118,1.842,0.715,NA,29.502,125.538,1.026,0.000,0.000,0.000,NA,2.868,1.739,NA,NA,NA,NA,NA,0.446,0.122,2.250,25.293
